"U.S. Home Price and Related data, for Figure 3.1 in Robert J. Shiller, Irrational Exuberance, 3rd. Edition, Princeton University Press, 2015, as updated by author",,,,,,,,,,,,,,,,,,
See the book for description of data.,,,,"Update Nominal Home Price Index, Click Additional Information, National Index: https://us.spindices.com/index-family/real-estate/sp-corelogic-case-shiller",,,,,,,,,,,,,,
"Monthly data from January 1953 for prices, all other data are annual.",,,,,,,,Nominal,,,,,,,,,,
,Real,,Real,,,,,Home,,,Nominal,,,Consumer,,,,
,Home,,Building,U.S.,,,,Price,HPI,,Building,,,Price,CPI Annual&,,,
,Price,,Cost,Population,,Long Rate,,Index,Source,,Cost,Build Cost,,Index,Quarterly,,,CPI
Date,Index,Date,Index,Millions,Long Rate,Source,Date,From fig2.1Revised2011.xls,,Date,Index,Source,Date,,,,Date,Annual
1890,100,1890,51.36233983,63.056,3.42,Homer,1890,3.557296446,Grebler,1890,,Grebler,1890,7.611651901,Warren&Pearson,,1890,7.611651901
1891,88.01179106,1891,47.26616291,64.361,3.62,Homer,1891,3.209110824,Grebler,1891,,Grebler,1891,7.801941983,Warren&Pearson,,1891,7.801941983
1892,95.42173618,1892,52.04815502,65.666,3.6,Homer,1892,3.267141761,Grebler,1892,,Grebler,1892,7.326212727,Warren&Pearson,,1892,7.326212727
1893,92.29738548,1893,44.67333155,66.97,3.75,Homer,1893,3.40641601,Grebler,1893,,Grebler,1893,7.897091074,Warren&Pearson,,1893,7.897091074
1894,123.9804828,1894,57.2634338,68.275,3.7,Homer,1894,3.9693161,Grebler,1894,,Grebler,1894,6.850483471,Warren&Pearson,,1894,6.850483471
1895,117.4550916,1895,61.47033843,69.58,3.46,Homer,1895,3.603721196,Grebler,1895,,Grebler,1895,6.565052397,Warren&Pearson,,1895,6.565052397
1896,100.3029902,1896,60.06894543,70.885,3.6,Homer,1896,3.122064418,Grebler,1896,,Grebler,1896,6.660193388,Warren&Pearson,,1896,6.660193388
1897,106.5157028,1897,62.38489276,72.189,3.4,Homer,1897,3.220717011,Grebler,1897,,Grebler,1897,6.469903306,Warren&Pearson,,1897,6.469903306
1898,110.1841398,1898,61.4380382,73.494,3.35,Homer,1898,3.429628385,Grebler,1898,,Grebler,1898,6.660193388,Warren&Pearson,,1898,6.660193388
1899,103.8531133,1899,64.0446058,74.799,3.1,Homer,1899,3.278747948,Grebler,1899,,Grebler,1899,6.755342479,Warren&Pearson,,1899,6.755342479
1900,101.5742948,1900,49.42063381,76.094,3.15,Homer,1900,3.748798539,Grebler,1900,,Grebler,1900,7.897091074,Warren&Pearson,,1900,7.897091074
1901,87.3260955,1901,51.25232444,77.584,3.1,Homer,1901,3.145276793,Grebler,1901,,Grebler,1901,7.706792893,Warren&Pearson,,1901,7.706792893
1902,100.4736445,1902,50.5161651,79.163,3.18,Homer,1902,3.708176883,Grebler,1902,,Grebler,1902,7.897091074,Warren&Pearson,,1902,7.897091074
1903,93.07489238,1903,43.54354964,80.632,3.3,Homer,1903,3.76620782,Grebler,1903,,Grebler,1903,8.658259504,Warren&Pearson,,1903,8.658259504
1904,101.854359,1904,47.08562106,82.166,3.4,Homer,1904,3.940300632,Grebler,1904,,Grebler,1904,8.277679339,Warren&Pearson,,1904,8.277679339
1905,87.24854753,1905,47.11098375,83.822,3.48,Homer,1905,3.45284076,Grebler,1905,,Grebler,1905,8.467928926,Warren&Pearson,,1905,8.467928926
1906,103.5251673,1906,51.76914843,85.45,3.43,Homer,1906,4.096984162,Grebler,1906,,Grebler,1906,8.467928926,Warren&Pearson,,1906,8.467928926
1907,109.3165207,1907,49.54470738,87.008,3.67,Homer,1907,4.520610003,Grebler,1907,,Grebler,1907,8.848509091,Warren&Pearson,,1907,8.848509091
1908,100.8191824,1908,50.12571412,88.71,3.87,Homer,1908,4.079574881,Grebler,1908,,Grebler,1908,8.658259504,Warren&Pearson,,1908,8.658259504
1909,95.38041379,1909,44.07166612,90.49,3.76,Homer,1909,3.986725381,Grebler,1909,,Grebler,1909,8.94367438,Warren&Pearson,,1909,8.94367438
1910,93.11063671,1910,37.98176672,92.407,3.91,Homer,1910,4.305895536,Grebler,1910,,Grebler,1910,9.895165289,Warren&Pearson,,1910,9.895165289
1911,97.54333604,1911,42.29755769,93.863,3.98,Homer,1911,4.207242942,Grebler,1911,,Grebler,1911,9.229089256,Warren&Pearson,,1911,9.229089256
1912,102.3651618,1912,42.25410832,95.335,4.01,Homer,1912,4.369729566,Grebler,1912,,Grebler,1912,9.134004959,Warren&Pearson,,1912,9.134004959
1913,95.4085608,1913,40.33646954,97.225,4.45,Homer,1913,4.369729566,Grebler,1913,,Grebler,1913,9.8,BLS,,1913,9.8
1914,96.9771637,1914,34.47783935,99.111,4.16,Homer,1914,4.53221619,Grebler,1914,,Grebler,1914,10,BLS,,1914,10
1915,88.1487638,1915,35.31752296,100.546,4.24,Homer,1915,4.160818193,Grebler,1915,,ENR,1915,10.1,BLS,,1915,10.1
1916,93.72485165,1916,47.29616865,101.961,4.05,Homer,1916,4.555428565,Grebler,1916,,ENR,1916,10.4,BLS,,1916,10.4
1917,85.00903742,1917,53.59430137,103.268,4.23,Homer,1917,4.648278065,Grebler,1917,,ENR,1917,11.7,BLS,,1917,11.7
1918,75.56662106,1918,42.64391738,103.208,4.57,Homer,1918,4.944235844,Grebler,1918,,ENR,1918,14,BLS,,1918,14
1919,70.51379536,1919,36.18271778,104.514,4.5,Homer,1919,5.43749881,Grebler,1919,,ENR,1919,16.5,BLS,,1919,16.5
1920,66.07414907,1920,40.27179997,106.541,4.97,Homer,1920,5.959777244,Grebler,1920,,ENR,1920,19.3,BLS,,1920,19.3
1921,65.61430848,1921,32.80518504,108.538,5.09,Homer,1921,5.826306089,Grebler,1921,,ENR,1921,19,BLS,,1921,19
1922,74.79619714,1922,34.43760958,110.049,4.3,Homer,1922,5.907549401,Grebler,1922,,ENR,1922,16.9,BLS,,1922,16.9
1923,76.35007782,1923,41.57111443,111.947,4.36,Homer,1923,5.994595806,Grebler,1923,,ENR,1923,16.8,BLS,,1923,16.8
1924,74.28697788,1924,40.36963713,114.109,4.06,Homer,1924,6.006201994,Grebler,1924,,ENR,1924,17.3,BLS,,1924,17.3
1925,78.16282021,1925,39.71851395,115.829,3.86,Homer,1925,6.319569054,Grebler,1925,,ENR,1925,17.3,BLS,,1925,17.3
1926,72.49060155,1926,38.806699,117.397,3.68,Homer,1926,6.064232931,Grebler,1926,,ENR,1926,17.9,BLS,,1926,17.9
1927,71.38030121,1927,39.90826985,119.035,3.34,Homer,1927,5.837912276,Grebler,1927,,ENR,1927,17.5,BLS,,1927,17.5
1928,73.28212987,1928,40.80371925,120.509,3.33,Homer,1928,5.924958682,Grebler,1928,,ENR,1928,17.3,BLS,,1928,17.3
1929,72.61432988,1929,41.93969439,121.878,3.6,Homer,1929,5.803093714,Grebler,1929,,ENR,1929,17.1,BLS,,1929,17.1
1930,69.4919137,1930,40.62221708,123.188,3.29,Homer,1930,5.553560684,Grebler,1930,,ENR,1930,17.1,BLS,,1930,17.1
1931,68.64520321,1931,39.67346769,124.149,3.34,Homer,1931,5.100919374,Grebler,1931,,ENR,1931,15.9,BLS,,1931,15.9
1932,68.33719351,1932,34.39721356,124.949,3.68,Homer,1932,4.567034753,Grebler,1932,,ENR,1932,14.3,BLS,,1932,14.3
1933,72.86594698,1933,43.07844416,125.69,3.31,Homer,1933,4.392941941,Grebler,1933,,ENR,1933,12.9,BLS,,1933,12.9
1934,73.27941113,1934,47.50403985,126.485,3.12,Homer,1934,4.520610003,Five-CityMedian,1934,,ENR,1934,13.2,BLS,,1934,13.2
1935,78.06999903,1935,45.83077321,127.362,2.79,Homer,1935,4.962085259,Five-CityMedian,1935,,ENR,1935,13.6,BLS,,1935,13.6
1936,79.41489505,1936,46.79908534,128.181,2.65,Homer,1936,5.121795008,Five-CityMedian,1936,,ENR,1936,13.8,BLS,,1936,13.8
1937,79.71761781,1937,52.19452665,128.961,2.68,Homer,1937,5.253086651,Five-CityMedian,1937,,ENR,1937,14.1,BLS,,1937,14.1
1938,78.46465294,1938,52.09138282,129.969,2.56,Homer,1938,5.207191412,Five-CityMedian,1938,,ENR,1938,14.2,BLS,,1938,14.2
1939,78.54968493,1939,52.83554543,131.028,2.36,Homer,1939,5.139414232,Five-CityMedian,1939,,ENR,1939,14,BLS,,1939,14
1940,81.73080633,1940,54.83643871,132.122,2.21,Homer,1940,5.309354499,Five-CityMedian,1940,,ENR,1940,13.9,BLS,,1940,13.9
1941,73.81588343,1941,56.18900573,133.402,1.95,Homer,1941,4.864184889,Five-CityMedian,1941,,ENR,1941,14.1,BLS,,1941,14.1
1942,68.50282683,1942,53.09349646,134.86,2.46,Homer,1942,5.026310176,Five-CityMedian,1942,,ENR,1942,15.7,BLS,,1942,15.7
1943,70.9229742,1943,50.87879093,136.739,2.47,Homer,1943,5.601634705,Five-CityMedian,1943,,ENR,1943,16.9,BLS,,1943,16.9
1944,80.30899579,1944,50.7115189,138.397,2.48,Homer,1944,6.530622547,Five-CityMedian,1944,,ENR,1944,17.4,BLS,,1944,17.4
1945,87.75004612,1945,50.41571181,139.928,2.37,Homer,1945,7.299758551,Five-CityMedian,1945,,ENR,1945,17.8,BLS,,1945,17.8
1946,106.5058955,1946,54.05276417,141.389,2.19,Homer,1946,9.059123412,Five-CityMedian,1946,,ENR,1946,18.2,BLS,,1946,18.2
1947,109.3296707,1947,54.66305279,144.126,2.25,Homer,1947,10.98544464,Five-CityMedian,1947,,ENR,1947,21.5,BLS,,1947,21.5
1948,101.2225795,1948,54.0249082,146.631,2.44,Homer,1948,11.21158171,Five-CityMedian,1948,,ENR,1948,23.7,BLS,,1948,23.7
1949,100.0466076,1949,55.07055159,149.188,2.31,Homer,1949,11.22159909,Five-CityMedian,1949,,ENR,1949,24,BLS,,1949,24
1950,105.8948393,1950,59.9171862,151.684,2.32,Homer,1950,11.63010934,Five-CityMedian,1950,,ENR,1950,23.5,BLS,,1950,23.5
1951,103.8986687,1951,59.2786986,154.287,2.57,Homer,1951,12.33345743,Five-CityMedian,1951,,ENR,1951,25.4,BLS,,1951,25.4
1952,103.9743275,1952,58.94343772,156.954,2.68,Homer,1952,12.87695369,Five-CityMedian,1952,,ENR,1952,26.5,BLS,,1952,26.5
1953.041667,114.7133093,1953,60.8392201,159.565,2.83,Homer,1953.041667,14.26056016,PHCPI,1953,,ENR,1953.041667,26.60,BLS,,1953,26.6
1953.125,115.1461897,1954,62.25447619,162.391,2.48,Fed. Res.,1953.125,14.26056016,PHCPI,1954,,ENR,1953.125,26.50,BLS,,1954,26.9
1953.208333,114.7133093,1955,65.95528267,165.275,2.61,Fed. Res.,1953.208333,14.26056016,PHCPI,1955,,ENR,1953.208333,26.60,BLS,,1955,26.7
1953.291667,114.9797746,1956,68.79148786,168.221,2.9,Fed. Res.,1953.291667,14.29368573,PHCPI,1956,,ENR,1953.291667,26.60,BLS,,1956,26.8
1953.375,114.6818724,1957,69.24632104,171.274,3.46,Fed. Res.,1953.375,14.31024852,PHCPI,1957,,ENR,1953.375,26.70,BLS,,1957,27.6
1953.458333,114.2539549,1958,68.9257142,174.141,3.09,Fed. Res.,1953.458333,14.31024852,PHCPI,1958,,ENR,1953.458333,26.80,BLS,,1958,28.6
1953.541667,114.5184317,1959,70.95296772,177.13,4.02,Fed. Res.,1953.541667,14.3433741,PHCPI,1959,,ENR,1953.541667,26.80,BLS,,1959,29
1953.625,114.2244594,1960,71.63614258,180.76,4.72,Fed. Res.,1953.625,14.35993688,PHCPI,1960,,ENR,1953.625,26.90,BLS,,1960,29.3
1953.708333,114.3562062,1961,71.568197,183.742,3.84,Fed. Res.,1953.708333,14.37649967,PHCPI,1961,,ENR,1953.708333,26.90,BLS,,1961,29.8
1953.791667,113.9326647,1962,72.59299982,186.59,4.08,Fed. Res.,1953.791667,14.37649967,PHCPI,1962,,ENR,1953.791667,27.00,BLS,,1962,30
1953.875,114.2244594,1963,73.36701774,189.3,3.83,Fed. Res.,1953.875,14.35993688,PHCPI,1963,,ENR,1953.875,26.90,BLS,,1963,30.4
1953.958333,114.2244594,1964,74.36711732,191.927,4.17,Fed. Res.,1953.958333,14.35993688,PHCPI,1964,,ENR,1953.958333,26.90,BLS,,1964,30.9
1954.041667,114.2244594,1965,75.45724616,194.347,4.19,Fed. Res.,1954.041667,14.35993688,PHCPI,1965,,ENR,1954.041667,26.90,BLS,,1965,31.2
1954.125,114.3562062,1966,76.74926786,196.599,4.61,Fed. Res.,1954.125,14.37649967,PHCPI,1966,,ENR,1954.125,26.90,BLS,,1966,31.8
1954.208333,114.3562062,1967,77.15051023,198.752,4.58,Fed. Res.,1954.208333,14.37649967,PHCPI,1967,,ENR,1954.208333,26.90,BLS,,1967,32.9
1954.291667,114.6506701,1968,79.39056457,200.745,5.53,Fed. Res.,1954.291667,14.35993688,PHCPI,1968,,ENR,1954.291667,26.80,BLS,,1968,34.1
1954.375,114.2244594,1969,83.32303834,202.736,6.04,Fed. Res.,1954.375,14.35993688,PHCPI,1969,,ENR,1954.375,26.90,BLS,,1969,35.6
1954.458333,114.3562062,1970,83.04289525,205.089,7.79,Fed. Res.,1954.458333,14.37649967,PHCPI,1970,,ENR,1954.458333,26.90,BLS,,1970,37.8
1954.541667,114.7514465,1971,89.43618588,207.692,6.24,Fed. Res.,1954.541667,14.42618803,PHCPI,1971,,ENR,1954.541667,26.90,BLS,,1971,39.8
1954.625,115.0149401,1972,95.74309566,209.924,5.95,Fed. Res.,1954.625,14.45931361,PHCPI,1972,,ENR,1954.625,26.90,BLS,,1972,41.1
1954.708333,115.708577,1973,100.3045578,211.939,6.46,Fed. Res.,1954.708333,14.49243918,PHCPI,1973,,ENR,1954.708333,26.80,BLS,,1973,42.6
1954.791667,115.5763387,1974,97.09327155,213.898,6.99,Fed. Res.,1954.791667,14.4758764,PHCPI,1974,,ENR,1954.791667,26.80,BLS,,1974,46.6
1954.875,115.5763387,1975,94.12250092,215.981,7.5,Fed. Res.,1954.875,14.4758764,PHCPI,1975,,ENR,1954.875,26.80,BLS,,1975,52.1
1954.958333,116.1419425,1976,96.23389798,218.086,7.74,Fed. Res.,1954.958333,14.49243918,PHCPI,1976,,ENR,1954.958333,26.70,BLS,,1976,55.6
1955.041667,116.2746762,1977,99.16550373,220.289,7.21,Fed. Res.,1955.041667,14.50900197,PHCPI,1977,,ENR,1955.041667,26.70,BLS,,1977,58.5
1955.125,115.8764752,1978,100.56884,222.629,7.96,Fed. Res.,1955.125,14.45931361,PHCPI,1978,,ENR,1955.125,26.70,BLS,,1978,62.5
1955.208333,115.6110079,1979,100,225.106,9.1,Fed. Res.,1955.208333,14.42618803,PHCPI,1979,,ENR,1955.208333,26.70,BLS,,1979,68.3
1955.291667,114.9473397,1980,93.67720901,227.726,10.8,Fed. Res.,1955.291667,14.3433741,PHCPI,1980,,ENR,1955.291667,26.70,BLS,,1980,77.8
1955.375,114.9473397,1981,90.5038767,230.008,12.57,Fed. Res.,1955.375,14.3433741,PHCPI,1981,,ENR,1955.375,26.70,BLS,,1981,87
1955.458333,115.4782743,1982,88.95277083,232.218,14.59,Fed. Res.,1955.458333,14.40962525,PHCPI,1982,,ENR,1955.458333,26.70,BLS,,1982,94.3
1955.541667,115.4441003,1983,91.52830102,234.333,10.46,Fed. Res.,1955.541667,14.45931361,PHCPI,1983,,ENR,1955.541667,26.80,BLS,,1983,97.8
1955.625,116.1052922,1984,89.06159549,236.394,11.67,Fed. Res.,1955.625,14.54212755,PHCPI,1984,,ENR,1955.625,26.80,BLS,,1984,101.9
1955.708333,115.9371675,1985,86.30725178,238.506,11.38,Fed. Res.,1955.708333,14.57525312,PHCPI,1985,,ENR,1955.708333,26.90,BLS,,1985,105.5
1955.791667,115.8054208,1986,85.06563926,240.683,9.19,Fed. Res.,1955.791667,14.55869034,PHCPI,1986,,ENR,1955.791667,26.90,BLS,,1986,109.6
1955.875,115.5419272,1987,85.80011747,242.843,7.08,Fed. Res.,1955.875,14.52556476,PHCPI,1987,,ENR,1955.875,26.90,BLS,,1987,111.2
1955.958333,115.708577,1988,84.31285438,245.061,8.67,Fed. Res.,1955.958333,14.49243918,PHCPI,1988,,ENR,1955.958333,26.80,BLS,,1988,115.7
1956.041667,115.4441003,1989,81.66945023,247.387,9.09,Fed. Res.,1956.041667,14.45931361,PHCPI,1989,,ENR,1956.041667,26.80,BLS,,1989,121.1
1956.125,115.0473852,1990,79.63498843,250.181,8.21,Fed. Res.,1956.125,14.40962525,PHCPI,1990,,ENR,1956.125,26.80,BLS,,1990,127.4
1956.208333,114.6506701,1991,76.74207454,253.53,8.09,Fed. Res.,1956.208333,14.35993688,PHCPI,1991,,ENR,1956.208333,26.80,BLS,,1991,134.6
1956.291667,113.6974723,1992,77.05381963,256.922,7.03,Fed. Res.,1956.291667,14.29368573,PHCPI,1992,,ENR,1956.291667,26.90,BLS,,1992,138.1
1956.375,113.4076293,1993,78.88788054,260.282,6.6,Fed. Res.,1956.375,14.31024852,PHCPI,1993,,ENR,1956.375,27.00,BLS,,1993,142.6
1956.458333,113.7463929,1994,79.89887109,263.455,5.75,Fed. Res.,1956.458333,14.45931361,PHCPI,1994,,ENR,1956.458333,27.20,BLS,,1994,146.2
1956.541667,113.8215258,1995,77.7443098,266.588,7.78,Fed. Res.,1956.541667,14.57525312,PHCPI,1995,,ENR,1956.541667,27.40,BLS,,1995,150.3
1956.625,115.017353,1996,77.89285948,269.714,5.65,Fed. Res.,1956.625,14.67462985,PHCPI,1996,,ENR,1956.625,27.30,BLS,,1996,154.4
1956.708333,114.468239,1997,79.39146429,272.958,6.58,Fed. Res.,1956.708333,14.65806706,PHCPI,1997,,ENR,1956.708333,27.40,BLS,,1997,159.1
1956.791667,113.9231186,1998,78.79060549,276.154,5.54,Fed. Res.,1956.791667,14.64150427,PHCPI,1998,,ENR,1956.791667,27.50,BLS,,1998,161.6
1956.875,113.665374,1999,78.98128131,279.328,4.72,Fed. Res.,1956.875,14.6083787,PHCPI,1999,,ENR,1956.875,27.50,BLS,,1999,164.3
1956.958333,113.3819483,2000,78.72200105,282.398,6.66,Fed. Res.,1956.958333,14.62494149,PHCPI,2000,,ENR,1956.958333,27.60,BLS,,2000,168.8
1957.041667,113.7671644,2001,76.6401607,285.225,5.16,Fed. Res.,1957.041667,14.67462985,PHCPI,2001,,ENR,1957.041667,27.60,BLS,,2001,175.1
1957.125,114.3799872,2002,76.8135395,287.955,5.04,Fed. Res.,1957.125,14.80713215,PHCPI,2002,,ENR,1957.125,27.70,BLS,,2002,177.1
1957.208333,113.9685484,2003,76.31543516,290.626,4.05,Fed. Res.,1957.208333,14.80713215,PHCPI,2003,,ENR,1957.208333,27.80,BLS,,2003,181.7
1957.291667,114.322207,2004,80.77302579,293.262,4.15,Fed. Res.,1957.291667,14.90650888,PHCPI,2004,,ENR,1957.291667,27.90,BLS,,2004,185.2
1957.375,114.2936265,2005,82.79484772,295.993,4.22,Fed. Res.,1957.375,14.95619724,PHCPI,2005,,ENR,1957.375,28.00,BLS,,2005,190.7
1957.458333,113.5085258,2006,82.72701137,298.818,4.42,Fed. Res.,1957.458333,14.90650888,PHCPI,2006,,ENR,1957.458333,28.10,BLS,,2006,198.3
1957.541667,112.7063454,2007,83.19660676,301.696,4.76,Fed. Res.,1957.541667,14.90650888,PHCPI,2007,,ENR,1957.541667,28.30,BLS,,2007,202.416
1957.625,112.7063454,2008,83.4461592,304.543,3.74,Fed. Res.,1957.625,14.90650888,PHCPI,2008,,ENR,1957.625,28.30,BLS,,2008,211.18
1957.708333,113.0820332,2009,84.80835495,307.24,2.52,Fed. Res.,1957.708333,14.95619724,PHCPI,2009,,ENR,1957.708333,28.30,BLS,,2009,211.143
1957.791667,113.7081796,2010,84.613931,309.78,3.73,Fed. Res.,1957.791667,15.03901118,PHCPI,2010,,ENR,1957.791667,28.30,BLS,,2010,216.687
1957.875,113.3077987,2011,86.239088,312.033,3.39,Fed. Res.,1957.875,15.03901118,PHCPI,2011,,ENR,1957.875,28.40,BLS,,2011,220.223
1957.958333,113.1830104,2012,85.7096979,314.255,1.97,Fed. Res.,1957.958333,15.02244839,PHCPI,2012,,ENR,1957.958333,28.40,BLS,,2012,226.665
1958.041667,112.5154365,2013,86.05996591,316.421,1.91,Fed. Res.,1958.041667,15.03901118,PHCPI,2013,,ENR,1958.041667,28.60,BLS,,2013,230.28
1958.125,112.5154365,2014,86.4719099,318.717,2.86,Fed. Res.,1958.125,15.03901118,PHCPI,2014,,ENR,1958.125,28.60,BLS,,2014,233.916
1958.208333,112.7185205,2015,88.65392748,321.026,1.88,Fed. Res.,1958.208333,15.17151348,PHCPI,2015,,ENR,1958.208333,28.80,BLS,,2015,233.707
1958.291667,112.5737497,2016,89.46590497,323.317,2.09,Fed. Res.,1958.291667,15.20463905,PHCPI,2016,,ENR,1958.291667,28.90,BLS,,2016,236.916
1958.375,112.8190084,2017,90.15973161,325.41,2.43,Fed. Res.,1958.375,15.23776463,PHCPI,2017,,ENR,1958.375,28.90,BLS,,2017,242.839
1958.458333,112.2058616,2018,91.17875074,327.436,2.58,Fed. Res.,1958.458333,15.15495069,PHCPI,2018,,ENR,1958.458333,28.90,BLS,,2018,247.867
1958.541667,111.8189449,2019,,,2.71,Fed. Res.,1958.541667,15.15495069,PHCPI,,,,1958.541667,29.00,BLS,,2019,251.712
1958.625,112.0832323,,,,,,1958.625,15.1383879,PHCPI,,,,1958.625,28.90,BLS,,,
1958.708333,111.7153442,,,,,,1958.708333,15.08869954,PHCPI,,,,1958.708333,28.90,BLS,,,
1958.791667,111.5927149,,,,,,1958.791667,15.07213675,PHCPI,,,,1958.791667,28.90,BLS,,,
1958.875,111.4523254,,,,,,1958.875,15.10526233,PHCPI,,,,1958.875,29.00,BLS,,,
1958.958333,111.9606029,,,,,,1958.958333,15.12182512,PHCPI,,,,1958.958333,28.90,BLS,,,
1959.041667,111.3301189,,,,,,1959.041667,15.08869954,PHCPI,,,,1959.041667,29.00,BLS,,,
1959.125,111.5927149,,,,,,1959.125,15.07213675,PHCPI,,,,1959.125,28.90,BLS,,,
1959.208333,111.5927149,,,,,,1959.208333,15.07213675,PHCPI,,,,1959.208333,28.90,BLS,,,
1959.291667,111.2079124,,,,,,1959.291667,15.07213675,PHCPI,,,,1959.291667,29.00,BLS,,,
1959.375,111.6967384,,,,,,1959.375,15.1383879,PHCPI,,,,1959.375,29.00,BLS,,,
1959.458333,111.3129008,,,,,,1959.458333,15.1383879,PHCPI,,,,1959.458333,29.10,BLS,,,
1959.541667,110.5675838,,,,,,1959.541667,15.08869954,PHCPI,,,,1959.541667,29.20,BLS,,,
1959.625,110.4462144,,,,,,1959.625,15.07213675,PHCPI,,,,1959.625,29.20,BLS,,,
1959.708333,110.3111753,,,,,,1959.708333,15.10526233,PHCPI,,,,1959.708333,29.30,BLS,,,
1959.791667,110.5386863,,,,,,1959.791667,15.18807627,PHCPI,,,,1959.791667,29.40,BLS,,,
1959.875,110.6592302,,,,,,1959.875,15.20463905,PHCPI,,,,1959.875,29.40,BLS,,,
1959.958333,110.1770549,,,,,,1959.958333,15.1383879,PHCPI,,,,1959.958333,29.40,BLS,,,
1960.041667,110.9159515,,,,,,1960.041667,15.18807627,PHCPI,,,,1960.041667,29.30,BLS,,,
1960.125,110.5386863,,,,,,1960.125,15.18807627,PHCPI,,,,1960.125,29.40,BLS,,,
1960.208333,110.5386863,,,,,,1960.208333,15.18807627,PHCPI,,,,1960.208333,29.40,BLS,,,
1960.291667,110.1639789,,,,,,1960.291667,15.18807627,PHCPI,,,,1960.291667,29.50,BLS,,,
1960.375,109.9237085,,,,,,1960.375,15.15495069,PHCPI,,,,1960.375,29.50,BLS,,,
1960.458333,109.312886,,,,,,1960.458333,15.12182512,PHCPI,,,,1960.458333,29.60,BLS,,,
1960.541667,109.312886,,,,,,1960.541667,15.12182512,PHCPI,,,,1960.541667,29.60,BLS,,,
1960.625,109.7918033,,,,,,1960.625,15.18807627,PHCPI,,,,1960.625,29.60,BLS,,,
1960.708333,110.2707207,,,,,,1960.708333,15.25432742,PHCPI,,,,1960.708333,29.60,BLS,,,
1960.791667,109.8874261,,,,,,1960.791667,15.30401578,PHCPI,,,,1960.791667,29.80,BLS,,,
1960.875,109.5306487,,,,,,1960.875,15.25432742,PHCPI,,,,1960.875,29.80,BLS,,,
1960.958333,109.5306487,,,,,,1960.958333,15.25432742,PHCPI,,,,1960.958333,29.80,BLS,,,
1961.041667,109.5306487,,,,,,1961.041667,15.25432742,PHCPI,,,,1961.041667,29.80,BLS,,,
1961.125,109.2927972,,,,,,1961.125,15.22120184,PHCPI,,,,1961.125,29.80,BLS,,,
1961.208333,109.5306487,,,,,,1961.208333,15.25432742,PHCPI,,,,1961.208333,29.80,BLS,,,
1961.291667,109.0549456,,,,,,1961.291667,15.18807627,PHCPI,,,,1961.291667,29.80,BLS,,,
1961.375,109.4117229,,,,,,1961.375,15.23776463,PHCPI,,,,1961.375,29.80,BLS,,,
1961.458333,109.2927972,,,,,,1961.458333,15.22120184,PHCPI,,,,1961.458333,29.80,BLS,,,
1961.541667,108.9185774,,,,,,1961.541667,15.2708902,PHCPI,,,,1961.541667,30.00,BLS,,,
1961.625,109.4013816,,,,,,1961.625,15.28745299,PHCPI,,,,1961.625,29.90,BLS,,,
1961.708333,109.0367103,,,,,,1961.708333,15.28745299,PHCPI,,,,1961.708333,30.00,BLS,,,
1961.791667,109.0367103,,,,,,1961.791667,15.28745299,PHCPI,,,,1961.791667,30.00,BLS,,,
1961.875,109.627375,,,,,,1961.875,15.37026693,PHCPI,,,,1961.875,30.00,BLS,,,
1961.958333,109.8636409,,,,,,1961.958333,15.4033925,PHCPI,,,,1961.958333,30.00,BLS,,,
1962.041667,109.9817739,,,,,,1962.041667,15.41995529,PHCPI,,,,1962.041667,30.00,BLS,,,
1962.125,109.380905,,,,,,1962.125,15.38682972,PHCPI,,,,1962.125,30.10,BLS,,,
1962.208333,109.380905,,,,,,1962.208333,15.38682972,PHCPI,,,,1962.208333,30.10,BLS,,,
1962.291667,109.0187165,,,,,,1962.291667,15.38682972,PHCPI,,,,1962.291667,30.20,BLS,,,
1962.375,109.6054696,,,,,,1962.375,15.46964366,PHCPI,,,,1962.375,30.20,BLS,,,
1962.458333,109.7228202,,,,,,1962.458333,15.48620644,PHCPI,,,,1962.458333,30.20,BLS,,,
1962.541667,109.3606987,,,,,,1962.541667,15.48620644,PHCPI,,,,1962.541667,30.30,BLS,,,
1962.625,109.3606987,,,,,,1962.625,15.48620644,PHCPI,,,,1962.625,30.30,BLS,,,
1962.708333,108.884381,,,,,,1962.708333,15.46964366,PHCPI,,,,1962.708333,30.40,BLS,,,
1962.791667,108.6512238,,,,,,1962.791667,15.43651808,PHCPI,,,,1962.791667,30.40,BLS,,,
1962.875,108.7678024,,,,,,1962.875,15.45308087,PHCPI,,,,1962.875,30.40,BLS,,,
1962.958333,108.7678024,,,,,,1962.958333,15.45308087,PHCPI,,,,1962.958333,30.40,BLS,,,
1963.041667,108.884381,,,,,,1963.041667,15.46964366,PHCPI,,,,1963.041667,30.40,BLS,,,
1963.125,108.884381,,,,,,1963.125,15.46964366,PHCPI,,,,1963.125,30.40,BLS,,,
1963.208333,109.1083647,,,,,,1963.208333,15.55245759,PHCPI,,,,1963.208333,30.50,BLS,,,
1963.291667,109.5731501,,,,,,1963.291667,15.61870874,PHCPI,,,,1963.291667,30.50,BLS,,,
1963.375,109.3407574,,,,,,1963.375,15.58558317,PHCPI,,,,1963.375,30.50,BLS,,,
1963.458333,108.9834347,,,,,,1963.458333,15.58558317,PHCPI,,,,1963.458333,30.60,BLS,,,
1963.541667,108.8593185,,,,,,1963.541667,15.61870874,PHCPI,,,,1963.541667,30.70,BLS,,,
1963.625,108.8593185,,,,,,1963.625,15.61870874,PHCPI,,,,1963.625,30.70,BLS,,,
1963.708333,108.8593185,,,,,,1963.708333,15.61870874,PHCPI,,,,1963.708333,30.70,BLS,,,
1963.791667,108.5058791,,,,,,1963.791667,15.61870874,PHCPI,,,,1963.791667,30.80,BLS,,,
1963.875,109.1962665,,,,,,1963.875,15.71808547,PHCPI,,,,1963.875,30.80,BLS,,,
1963.958333,109.3016492,,,,,,1963.958333,15.78433662,PHCPI,,,,1963.958333,30.90,BLS,,,
1964.041667,109.3016492,,,,,,1964.041667,15.78433662,PHCPI,,,,1964.041667,30.90,BLS,,,
1964.125,109.6457258,,,,,,1964.125,15.83402498,PHCPI,,,,1964.125,30.90,BLS,,,
1964.208333,109.6457258,,,,,,1964.208333,15.83402498,PHCPI,,,,1964.208333,30.90,BLS,,,
1964.291667,109.3016492,,,,,,1964.291667,15.78433662,PHCPI,,,,1964.291667,30.90,BLS,,,
1964.375,108.8428805,,,,,,1964.375,15.71808547,PHCPI,,,,1964.375,30.90,BLS,,,
1964.458333,108.8347411,,,,,,1964.458333,15.76777383,PHCPI,,,,1964.458333,31.00,BLS,,,
1964.541667,108.7126994,,,,,,1964.541667,15.80089941,PHCPI,,,,1964.541667,31.10,BLS,,,
1964.625,109.4063521,,,,,,1964.625,15.85058777,PHCPI,,,,1964.625,31.00,BLS,,,
1964.708333,109.396427,,,,,,1964.708333,15.90027613,PHCPI,,,,1964.708333,31.10,BLS,,,
1964.791667,109.6243362,,,,,,1964.791667,15.93340171,PHCPI,,,,1964.791667,31.10,BLS,,,
1964.875,109.6137443,,,,,,1964.875,15.98309007,PHCPI,,,,1964.875,31.20,BLS,,,
1964.958333,109.6137443,,,,,,1964.958333,15.98309007,PHCPI,,,,1964.958333,31.20,BLS,,,
1965.041667,110.2952805,,,,,,1965.041667,16.0824668,PHCPI,,,,1965.041667,31.20,BLS,,,
1965.125,110.2952805,,,,,,1965.125,16.0824668,PHCPI,,,,1965.125,31.20,BLS,,,
1965.208333,109.6032201,,,,,,1965.208333,16.03277844,PHCPI,,,,1965.208333,31.30,BLS,,,
1965.291667,109.0284335,,,,,,1965.291667,15.99965286,PHCPI,,,,1965.291667,31.40,BLS,,,
1965.375,108.9155676,,,,,,1965.375,15.98309007,PHCPI,,,,1965.375,31.40,BLS,,,
1965.458333,108.2262286,,,,,,1965.458333,15.98309007,PHCPI,,,,1965.458333,31.60,BLS,,,
1965.541667,108.4505316,,,,,,1965.541667,16.01621565,PHCPI,,,,1965.541667,31.60,BLS,,,
1965.625,108.4505316,,,,,,1965.625,16.01621565,PHCPI,,,,1965.625,31.60,BLS,,,
1965.708333,108.4505316,,,,,,1965.708333,16.01621565,PHCPI,,,,1965.708333,31.60,BLS,,,
1965.791667,108.7792028,,,,,,1965.791667,16.11559237,PHCPI,,,,1965.791667,31.70,BLS,,,
1965.875,109.3381915,,,,,,1965.875,16.19840631,PHCPI,,,,1965.875,31.70,BLS,,,
1965.958333,109.3286993,,,,,,1965.958333,16.24809467,PHCPI,,,,1965.958333,31.80,BLS,,,
1966.041667,109.6630378,,,,,,1966.041667,16.29778304,PHCPI,,,,1966.041667,31.80,BLS,,,
1966.125,108.7561445,,,,,,1966.125,16.26465746,PHCPI,,,,1966.125,32.00,BLS,,,
1966.208333,108.4173404,,,,,,1966.208333,16.26465746,PHCPI,,,,1966.208333,32.10,BLS,,,
1966.291667,107.8557466,,,,,,1966.291667,16.28122025,PHCPI,,,,1966.291667,32.30,BLS,,,
1966.375,108.0751886,,,,,,1966.375,16.31434583,PHCPI,,,,1966.375,32.30,BLS,,,
1966.458333,107.9603879,,,,,,1966.458333,16.3474714,PHCPI,,,,1966.458333,32.40,BLS,,,
1966.541667,107.7372479,,,,,,1966.541667,16.36403419,PHCPI,,,,1966.541667,32.50,BLS,,,
1966.625,106.7531679,,,,,,1966.625,16.31434583,PHCPI,,,,1966.625,32.70,BLS,,,
1966.708333,106.7531679,,,,,,1966.708333,16.31434583,PHCPI,,,,1966.708333,32.70,BLS,,,
1966.791667,106.5350925,,,,,,1966.791667,16.38059698,PHCPI,,,,1966.791667,32.90,BLS,,,
1966.875,106.5350925,,,,,,1966.875,16.38059698,PHCPI,,,,1966.875,32.90,BLS,,,
1966.958333,106.9659726,,,,,,1966.958333,16.44684813,PHCPI,,,,1966.958333,32.90,BLS,,,
1967.041667,106.9659726,,,,,,1967.041667,16.44684813,PHCPI,,,,1967.041667,32.90,BLS,,,
1967.125,106.9659726,,,,,,1967.125,16.44684813,PHCPI,,,,1967.125,32.90,BLS,,,
1967.208333,105.8900782,,,,,,1967.208333,16.33090861,PHCPI,,,,1967.208333,33.00,BLS,,,
1967.291667,105.9984451,,,,,,1967.291667,16.39715976,PHCPI,,,,1967.291667,33.10,BLS,,,
1967.375,106.3196525,,,,,,1967.375,16.49653649,PHCPI,,,,1967.375,33.20,BLS,,,
1967.458333,106.2132264,,,,,,1967.458333,16.52966206,PHCPI,,,,1967.458333,33.30,BLS,,,
1967.541667,105.8952228,,,,,,1967.541667,16.52966206,PHCPI,,,,1967.541667,33.40,BLS,,,
1967.625,106.2138618,,,,,,1967.625,16.62903879,PHCPI,,,,1967.625,33.50,BLS,,,
1967.708333,105.8977491,,,,,,1967.708333,16.62903879,PHCPI,,,,1967.708333,33.60,BLS,,,
1967.791667,106.0041639,,,,,,1967.791667,16.69528994,PHCPI,,,,1967.791667,33.70,BLS,,,
1967.875,106.0050973,,,,,,1967.875,16.7449783,PHCPI,,,,1967.875,33.80,BLS,,,
1967.958333,106.2151101,,,,,,1967.958333,16.82779224,PHCPI,,,,1967.958333,33.90,BLS,,,
1968.041667,105.4882183,,,,,,1968.041667,16.81122945,PHCPI,,,,1968.041667,34.10,BLS,,,
1968.125,105.6979002,,,,,,1968.125,16.89404339,PHCPI,,,,1968.125,34.20,BLS,,,
1968.208333,105.1830965,,,,,,1968.208333,16.86091782,PHCPI,,,,1968.208333,34.30,BLS,,,
1968.291667,104.8773316,,,,,,1968.291667,16.86091782,PHCPI,,,,1968.291667,34.40,BLS,,,
1968.375,104.2651665,,,,,,1968.375,16.81122945,PHCPI,,,,1968.375,34.50,BLS,,,
1968.458333,104.4812724,,,,,,1968.458333,16.94373176,PHCPI,,,,1968.458333,34.70,BLS,,,
1968.541667,104.2887136,,,,,,1968.541667,17.00998291,PHCPI,,,,1968.541667,34.90,BLS,,,
1968.625,104.2945163,,,,,,1968.625,17.05967127,PHCPI,,,,1968.625,35.00,BLS,,,
1968.708333,103.9973809,,,,,,1968.708333,17.05967127,PHCPI,,,,1968.708333,35.10,BLS,,,
1968.791667,104.1109345,,,,,,1968.791667,17.17561078,PHCPI,,,,1968.791667,35.30,BLS,,,
1968.875,105.0181878,,,,,,1968.875,17.37436423,PHCPI,,,,1968.875,35.40,BLS,,,
1968.958333,105.6208379,,,,,,1968.958333,17.52342932,PHCPI,,,,1968.958333,35.50,BLS,,,
1969.041667,105.8219013,,,,,,1969.041667,17.60624326,PHCPI,,,,1969.041667,35.60,BLS,,,
1969.125,105.725688,,,,,,1969.125,17.6890572,PHCPI,,,,1969.125,35.80,BLS,,,
1969.208333,105.730624,,,,,,1969.208333,17.83812229,PHCPI,,,,1969.208333,36.10,BLS,,,
1969.291667,105.2457166,,,,,,1969.291667,17.85468508,PHCPI,,,,1969.291667,36.30,BLS,,,
1969.375,105.4433916,,,,,,1969.375,17.93749901,PHCPI,,,,1969.375,36.40,BLS,,,
1969.458333,105.1576891,,,,,,1969.458333,17.98718738,PHCPI,,,,1969.458333,36.60,BLS,,,
1969.541667,105.5492202,,,,,,1969.541667,18.15281525,PHCPI,,,,1969.541667,36.80,BLS,,,
1969.625,105.6491682,,,,,,1969.625,18.26875477,PHCPI,,,,1969.625,37.00,BLS,,,
1969.708333,106.1286019,,,,,,1969.708333,18.40125707,PHCPI,,,,1969.708333,37.10,BLS,,,
1969.791667,106.4146656,,,,,,1969.791667,18.55032216,PHCPI,,,,1969.791667,37.30,BLS,,,
1969.875,106.3196525,,,,,,1969.875,18.63313609,PHCPI,,,,1969.875,37.50,BLS,,,
1969.958333,106.4136575,,,,,,1969.958333,18.74907561,PHCPI,,,,1969.958333,37.70,BLS,,,
1970.041667,107.1634593,,,,,,1970.041667,18.93126627,PHCPI,,,,1970.041667,37.80,BLS,,,
1970.125,107.3455439,,,,,,1970.125,19.06376857,PHCPI,,,,1970.125,38.00,BLS,,,
1970.208333,107.3401727,,,,,,1970.208333,19.1631453,PHCPI,,,,1970.208333,38.20,BLS,,,
1970.291667,106.964014,,,,,,1970.291667,19.24595924,PHCPI,,,,1970.291667,38.50,BLS,,,
1970.375,107.5132237,,,,,,1970.375,19.39502433,PHCPI,,,,1970.375,38.60,BLS,,,
1970.458333,107.6897511,,,,,,1970.458333,19.52752663,PHCPI,,,,1970.458333,38.80,BLS,,,
1970.541667,107.4101105,,,,,,1970.541667,19.57721499,PHCPI,,,,1970.541667,39.00,BLS,,,
1970.625,108.409697,,,,,,1970.625,19.75940565,PHCPI,,,,1970.625,39.00,BLS,,,
1970.708333,108.9414807,,,,,,1970.708333,19.95815911,PHCPI,,,,1970.708333,39.20,BLS,,,
1970.791667,108.9281719,,,,,,1970.791667,20.05753583,PHCPI,,,,1970.791667,39.40,BLS,,,
1970.875,109.0044922,,,,,,1970.875,20.17347535,PHCPI,,,,1970.875,39.60,BLS,,,
1970.958333,109.0800455,,,,,,1970.958333,20.28941486,PHCPI,,,,1970.958333,39.80,BLS,,,
1971.041667,109.3471803,,,,,,1971.041667,20.33910322,PHCPI,,,,1971.041667,39.80,BLS,,,
1971.125,108.8066619,,,,,,1971.125,20.28941486,PHCPI,,,,1971.125,39.90,BLS,,,
1971.208333,108.5346453,,,,,,1971.208333,20.28941486,PHCPI,,,,1971.208333,40.00,BLS,,,
1971.291667,108.6175004,,,,,,1971.291667,20.35566601,PHCPI,,,,1971.291667,40.10,BLS,,,
1971.375,108.8699171,,,,,,1971.375,20.5047311,PHCPI,,,,1971.375,40.30,BLS,,,
1971.458333,109.2002342,,,,,,1971.458333,20.72004734,PHCPI,,,,1971.458333,40.60,BLS,,,
1971.541667,109.1060808,,,,,,1971.541667,20.75317291,PHCPI,,,,1971.541667,40.70,BLS,,,
1971.625,109.1861137,,,,,,1971.625,20.81942406,PHCPI,,,,1971.625,40.80,BLS,,,
1971.708333,109.4467011,,,,,,1971.708333,20.86911243,PHCPI,,,,1971.708333,40.80,BLS,,,
1971.791667,109.5257056,,,,,,1971.791667,20.93536358,PHCPI,,,,1971.791667,40.90,BLS,,,
1971.875,110.3922064,,,,,,1971.875,21.10099145,PHCPI,,,,1971.875,40.90,BLS,,,
1971.958333,110.1137034,,,,,,1971.958333,21.15067982,PHCPI,,,,1971.958333,41.10,BLS,,,
1972.041667,110.4586171,,,,,,1972.041667,21.21693097,PHCPI,,,,1972.041667,41.10,BLS,,,
1972.125,110.1811411,,,,,,1972.125,21.26661933,PHCPI,,,,1972.125,41.30,BLS,,,
1972.208333,109.8293995,,,,,,1972.208333,21.25005654,PHCPI,,,,1972.208333,41.40,BLS,,,
1972.291667,109.735545,,,,,,1972.291667,21.28318212,PHCPI,,,,1972.291667,41.50,BLS,,,
1972.375,109.8125257,,,,,,1972.375,21.34943327,PHCPI,,,,1972.375,41.60,BLS,,,
1972.458333,110.2290882,,,,,,1972.458333,21.48193557,PHCPI,,,,1972.458333,41.70,BLS,,,
1972.541667,110.8025018,,,,,,1972.541667,21.69725181,PHCPI,,,,1972.541667,41.90,BLS,,,
1972.625,110.9605897,,,,,,1972.625,21.78006575,PHCPI,,,,1972.625,42.00,BLS,,,
1972.708333,110.6128451,,,,,,1972.708333,21.76350296,PHCPI,,,,1972.708333,42.10,BLS,,,
1972.791667,110.0060707,,,,,,1972.791667,21.74694017,PHCPI,,,,1972.791667,42.30,BLS,,,
1972.875,109.8302071,,,,,,1972.875,21.76350296,PHCPI,,,,1972.875,42.40,BLS,,,
1972.958333,109.655171,,,,,,1972.958333,21.78006575,PHCPI,,,,1972.958333,42.50,BLS,,,
1973.041667,109.1481879,,,,,,1973.041667,21.73037738,PHCPI,,,,1973.041667,42.60,BLS,,,
1973.125,108.3849138,,,,,,1973.125,21.73037738,PHCPI,,,,1973.125,42.90,BLS,,,
1973.208333,107.4655148,,,,,,1973.208333,21.74694017,PHCPI,,,,1973.208333,43.30,BLS,,,
1973.291667,106.7260732,,,,,,1973.291667,21.74694017,PHCPI,,,,1973.291667,43.60,BLS,,,
1973.375,106.2389238,,,,,,1973.375,21.79662853,PHCPI,,,,1973.375,43.90,BLS,,,
1973.458333,105.7583874,,,,,,1973.458333,21.8463169,PHCPI,,,,1973.458333,44.20,BLS,,,
1973.541667,105.4396554,,,,,,1973.541667,21.82975411,PHCPI,,,,1973.541667,44.30,BLS,,,
1973.625,104.512297,,,,,,1973.625,22.02850756,PHCPI,,,,1973.625,45.10,BLS,,,
1973.708333,104.6731092,,,,,,1973.708333,22.1113215,PHCPI,,,,1973.708333,45.20,BLS,,,
1973.791667,104.5321145,,,,,,1973.791667,22.27694938,PHCPI,,,,1973.791667,45.60,BLS,,,
1973.875,104.3121645,,,,,,1973.875,22.3763261,PHCPI,,,,1973.875,45.90,BLS,,,
1973.958333,104.3252002,,,,,,1973.958333,22.52539119,PHCPI,,,,1973.958333,46.20,BLS,,,
1974.041667,104.2662687,,,,,,1974.041667,22.70758185,PHCPI,,,,1974.041667,46.60,BLS,,,
1974.125,103.7667795,,,,,,1974.125,22.88977252,PHCPI,,,,1974.125,47.20,BLS,,,
1974.208333,103.5763979,,,,,,1974.208333,23.13821433,PHCPI,,,,1974.208333,47.80,BLS,,,
1974.291667,103.513995,,,,,,1974.291667,23.22102827,PHCPI,,,,1974.291667,48.00,BLS,,,
1974.375,102.7464955,,,,,,1974.375,23.33696778,PHCPI,,,,1974.375,48.60,BLS,,,
1974.458333,102.4863589,,,,,,1974.458333,23.46947009,PHCPI,,,,1974.458333,49.00,BLS,,,
1974.541667,102.1586945,,,,,,1974.541667,23.5854096,PHCPI,,,,1974.541667,49.40,BLS,,,
1974.625,101.8542271,,,,,,1974.625,23.80072584,PHCPI,,,,1974.625,50.00,BLS,,,
1974.708333,101.6270196,,,,,,1974.708333,24.03260487,PHCPI,,,,1974.708333,50.60,BLS,,,
1974.791667,101.4648739,,,,,,1974.791667,24.23135832,PHCPI,,,,1974.791667,51.10,BLS,,,
1974.875,101.4337656,,,,,,1974.875,24.41354898,PHCPI,,,,1974.875,51.50,BLS,,,
1974.958333,102.2225561,,,,,,1974.958333,24.7944931,PHCPI,,,,1974.958333,51.90,BLS,,,
1975.041667,103.76661,,,,,,1975.041667,25.27,S&P/CoreLogic/Case-Shiller,,,,1975.041667,52.10,BLS,,,
1975.125,103.1471856,,,,,,1975.125,25.31,S&P/CoreLogic/Case-Shiller,,,,1975.125,52.50,BLS,,,
1975.208333,103.0196487,,,,,,1975.208333,25.37,S&P/CoreLogic/Case-Shiller,,,,1975.208333,52.70,BLS,,,
1975.291667,102.8000444,,,,,,1975.291667,25.42,S&P/CoreLogic/Case-Shiller,,,,1975.291667,52.90,BLS,,,
1975.375,102.5260205,,,,,,1975.375,25.49,S&P/CoreLogic/Case-Shiller,,,,1975.375,53.20,BLS,,,
1975.458333,101.6970285,,,,,,1975.458333,25.48,S&P/CoreLogic/Case-Shiller,,,,1975.458333,53.60,BLS,,,
1975.541667,101.1120852,,,,,,1975.541667,25.61,S&P/CoreLogic/Case-Shiller,,,,1975.541667,54.20,BLS,,,
1975.625,101.5248417,,,,,,1975.625,25.76,S&P/CoreLogic/Case-Shiller,,,,1975.625,54.30,BLS,,,
1975.708333,101.9859317,,,,,,1975.708333,26.02,S&P/CoreLogic/Case-Shiller,,,,1975.708333,54.60,BLS,,,
1975.791667,102.1808497,,,,,,1975.791667,26.22,S&P/CoreLogic/Case-Shiller,,,,1975.791667,54.90,BLS,,,
1975.875,102.1614397,,,,,,1975.875,26.40,S&P/CoreLogic/Case-Shiller,,,,1975.875,55.30,BLS,,,
1975.958333,102.082443,,,,,,1975.958333,26.48,S&P/CoreLogic/Case-Shiller,,,,1975.958333,55.50,BLS,,,
1976.041667,102.2721396,,,,,,1976.041667,26.58,S&P/CoreLogic/Case-Shiller,,,,1976.041667,55.60,BLS,,,
1976.125,102.1011395,,,,,,1976.125,26.63,S&P/CoreLogic/Case-Shiller,,,,1976.125,55.80,BLS,,,
1976.208333,102.8141905,,,,,,1976.208333,26.86,S&P/CoreLogic/Case-Shiller,,,,1976.208333,55.90,BLS,,,
1976.291667,103.4736537,,,,,,1976.291667,27.13,S&P/CoreLogic/Case-Shiller,,,,1976.291667,56.10,BLS,,,
1976.375,103.952979,,,,,,1976.375,27.45,S&P/CoreLogic/Case-Shiller,,,,1976.375,56.50,BLS,,,
1976.458333,103.7241376,,,,,,1976.458333,27.53,S&P/CoreLogic/Case-Shiller,,,,1976.458333,56.80,BLS,,,
1976.541667,104.0298226,,,,,,1976.541667,27.76,S&P/CoreLogic/Case-Shiller,,,,1976.541667,57.10,BLS,,,
1976.625,104.1608358,,,,,,1976.625,27.94,S&P/CoreLogic/Case-Shiller,,,,1976.625,57.40,BLS,,,
1976.708333,104.5458427,,,,,,1976.708333,28.14,S&P/CoreLogic/Case-Shiller,,,,1976.708333,57.60,BLS,,,
1976.791667,104.3441459,,,,,,1976.791667,28.24,S&P/CoreLogic/Case-Shiller,,,,1976.791667,57.90,BLS,,,
1976.875,104.7692692,,,,,,1976.875,28.40,S&P/CoreLogic/Case-Shiller,,,,1976.875,58.00,BLS,,,
1976.958333,105.2768939,,,,,,1976.958333,28.64,S&P/CoreLogic/Case-Shiller,,,,1976.958333,58.20,BLS,,,
1977.041667,105.6075348,,,,,,1977.041667,28.87,S&P/CoreLogic/Case-Shiller,,,,1977.041667,58.50,BLS,,,
1977.125,105.7627346,,,,,,1977.125,29.21,S&P/CoreLogic/Case-Shiller,,,,1977.125,59.10,BLS,,,
1977.208333,106.5549295,,,,,,1977.208333,29.63,S&P/CoreLogic/Case-Shiller,,,,1977.208333,59.50,BLS,,,
1977.291667,107.5463674,,,,,,1977.291667,30.16,S&P/CoreLogic/Case-Shiller,,,,1977.291667,60.00,BLS,,,
1977.375,108.3348914,,,,,,1977.375,30.53,S&P/CoreLogic/Case-Shiller,,,,1977.375,60.30,BLS,,,
1977.458333,108.4352834,,,,,,1977.458333,30.76,S&P/CoreLogic/Case-Shiller,,,,1977.458333,60.70,BLS,,,
1977.541667,109.0139529,,,,,,1977.541667,31.08,S&P/CoreLogic/Case-Shiller,,,,1977.541667,61.00,BLS,,,
1977.625,109.7590295,,,,,,1977.625,31.39,S&P/CoreLogic/Case-Shiller,,,,1977.625,61.20,BLS,,,
1977.708333,110.8338026,,,,,,1977.708333,31.80,S&P/CoreLogic/Case-Shiller,,,,1977.708333,61.40,BLS,,,
1977.791667,111.8633873,,,,,,1977.791667,32.20,S&P/CoreLogic/Case-Shiller,,,,1977.791667,61.60,BLS,,,
1977.875,112.4723368,,,,,,1977.875,32.54,S&P/CoreLogic/Case-Shiller,,,,1977.875,61.90,BLS,,,
1977.958333,113.1231191,,,,,,1977.958333,32.83,S&P/CoreLogic/Case-Shiller,,,,1977.958333,62.10,BLS,,,
1978.041667,113.5323318,,,,,,1978.041667,33.16,S&P/CoreLogic/Case-Shiller,,,,1978.041667,62.50,BLS,,,
1978.125,114.0758136,,,,,,1978.125,33.53,S&P/CoreLogic/Case-Shiller,,,,1978.125,62.90,BLS,,,
1978.208333,114.7522719,,,,,,1978.208333,34.00,S&P/CoreLogic/Case-Shiller,,,,1978.208333,63.40,BLS,,,
1978.291667,115.3478243,,,,,,1978.291667,34.45,S&P/CoreLogic/Case-Shiller,,,,1978.291667,63.90,BLS,,,
1978.375,115.8439562,,,,,,1978.375,34.92,S&P/CoreLogic/Case-Shiller,,,,1978.375,64.50,BLS,,,
1978.458333,116.3264561,,,,,,1978.458333,35.45,S&P/CoreLogic/Case-Shiller,,,,1978.458333,65.20,BLS,,,
1978.541667,117.0663233,,,,,,1978.541667,35.95,S&P/CoreLogic/Case-Shiller,,,,1978.541667,65.70,BLS,,,
1978.625,118.0709184,,,,,,1978.625,36.42,S&P/CoreLogic/Case-Shiller,,,,1978.625,66.00,BLS,,,
1978.708333,118.4123049,,,,,,1978.708333,36.80,S&P/CoreLogic/Case-Shiller,,,,1978.708333,66.50,BLS,,,
1978.791667,118.4919019,,,,,,1978.791667,37.16,S&P/CoreLogic/Case-Shiller,,,,1978.791667,67.10,BLS,,,
1978.875,119.2026123,,,,,,1978.875,37.55,S&P/CoreLogic/Case-Shiller,,,,1978.875,67.40,BLS,,,
1978.958333,120.0808571,,,,,,1978.958333,37.99,S&P/CoreLogic/Case-Shiller,,,,1978.958333,67.70,BLS,,,
1979.041667,120.6174565,,,,,,1979.041667,38.50,S&P/CoreLogic/Case-Shiller,,,,1979.041667,68.30,BLS,,,
1979.125,120.7197567,,,,,,1979.125,38.99,S&P/CoreLogic/Case-Shiller,,,,1979.125,69.10,BLS,,,
1979.208333,121.0939713,,,,,,1979.208333,39.50,S&P/CoreLogic/Case-Shiller,,,,1979.208333,69.80,BLS,,,
1979.291667,121.2765909,,,,,,1979.291667,40.02,S&P/CoreLogic/Case-Shiller,,,,1979.291667,70.60,BLS,,,
1979.375,121.3032066,,,,,,1979.375,40.53,S&P/CoreLogic/Case-Shiller,,,,1979.375,71.50,BLS,,,
1979.458333,121.4792171,,,,,,1979.458333,41.05,S&P/CoreLogic/Case-Shiller,,,,1979.458333,72.30,BLS,,,
1979.541667,121.4962373,,,,,,1979.541667,41.51,S&P/CoreLogic/Case-Shiller,,,,1979.541667,73.10,BLS,,,
1979.625,121.5557675,,,,,,1979.625,41.93,S&P/CoreLogic/Case-Shiller,,,,1979.625,73.80,BLS,,,
1979.708333,121.2704562,,,,,,1979.708333,42.28,S&P/CoreLogic/Case-Shiller,,,,1979.708333,74.60,BLS,,,
1979.791667,121.3698921,,,,,,1979.791667,42.66,S&P/CoreLogic/Case-Shiller,,,,1979.791667,75.20,BLS,,,
1979.875,121.1131964,,,,,,1979.875,42.96,S&P/CoreLogic/Case-Shiller,,,,1979.875,75.90,BLS,,,
1979.958333,120.572498,,,,,,1979.958333,43.22,S&P/CoreLogic/Case-Shiller,,,,1979.958333,76.70,BLS,,,
1980.041667,119.4700601,,,,,,1980.041667,43.44,S&P/CoreLogic/Case-Shiller,,,,1980.041667,77.80,BLS,,,
1980.125,118.4851443,,,,,,1980.125,43.69,S&P/CoreLogic/Case-Shiller,,,,1980.125,78.90,BLS,,,
1980.208333,117.7064893,,,,,,1980.208333,44.06,S&P/CoreLogic/Case-Shiller,,,,1980.208333,80.10,BLS,,,
1980.291667,117.4896372,,,,,,1980.291667,44.48,S&P/CoreLogic/Case-Shiller,,,,1980.291667,81.00,BLS,,,
1980.375,117.1645733,,,,,,1980.375,44.79,S&P/CoreLogic/Case-Shiller,,,,1980.375,81.80,BLS,,,
1980.458333,116.5932616,,,,,,1980.458333,45.06,S&P/CoreLogic/Case-Shiller,,,,1980.458333,82.70,BLS,,,
1980.541667,117.4030987,,,,,,1980.541667,45.38,S&P/CoreLogic/Case-Shiller,,,,1980.541667,82.70,BLS,,,
1980.625,117.2381644,,,,,,1980.625,45.64,S&P/CoreLogic/Case-Shiller,,,,1980.625,83.30,BLS,,,
1980.708333,116.8266796,,,,,,1980.708333,45.86,S&P/CoreLogic/Case-Shiller,,,,1980.708333,84.00,BLS,,,
1980.791667,116.2014384,,,,,,1980.791667,46.05,S&P/CoreLogic/Case-Shiller,,,,1980.791667,84.80,BLS,,,
1980.875,115.713064,,,,,,1980.875,46.24,S&P/CoreLogic/Case-Shiller,,,,1980.875,85.50,BLS,,,
1980.958333,115.0941369,,,,,,1980.958333,46.42,S&P/CoreLogic/Case-Shiller,,,,1980.958333,86.30,BLS,,,
1981.041667,114.5197948,,,,,,1981.041667,46.56,S&P/CoreLogic/Case-Shiller,,,,1981.041667,87.00,BLS,,,
1981.125,113.802447,,,,,,1981.125,46.75,S&P/CoreLogic/Case-Shiller,,,,1981.125,87.90,BLS,,,
1981.208333,113.7054637,,,,,,1981.208333,47.03,S&P/CoreLogic/Case-Shiller,,,,1981.208333,88.50,BLS,,,
1981.291667,113.9459956,,,,,,1981.291667,47.45,S&P/CoreLogic/Case-Shiller,,,,1981.291667,89.10,BLS,,,
1981.375,113.8440899,,,,,,1981.375,47.78,S&P/CoreLogic/Case-Shiller,,,,1981.375,89.80,BLS,,,
1981.458333,113.5686194,,,,,,1981.458333,48.09,S&P/CoreLogic/Case-Shiller,,,,1981.458333,90.60,BLS,,,
1981.541667,112.9057667,,,,,,1981.541667,48.33,S&P/CoreLogic/Case-Shiller,,,,1981.541667,91.60,BLS,,,
1981.625,112.6244152,,,,,,1981.625,48.58,S&P/CoreLogic/Case-Shiller,,,,1981.625,92.30,BLS,,,
1981.708333,111.7480583,,,,,,1981.708333,48.67,S&P/CoreLogic/Case-Shiller,,,,1981.708333,93.20,BLS,,,
1981.791667,111.6599705,,,,,,1981.791667,48.74,S&P/CoreLogic/Case-Shiller,,,,1981.791667,93.40,BLS,,,
1981.875,111.3093187,,,,,,1981.875,48.74,S&P/CoreLogic/Case-Shiller,,,,1981.875,93.70,BLS,,,
1981.958333,111.0428522,,,,,,1981.958333,48.78,S&P/CoreLogic/Case-Shiller,,,,1981.958333,94.00,BLS,,,
1982.041667,110.7644668,,,,,,1982.041667,48.82,S&P/CoreLogic/Case-Shiller,,,,1982.041667,94.30,BLS,,,
1982.125,110.591893,,,,,,1982.125,48.89,S&P/CoreLogic/Case-Shiller,,,,1982.125,94.60,BLS,,,
1982.208333,110.6477863,,,,,,1982.208333,48.87,S&P/CoreLogic/Case-Shiller,,,,1982.208333,94.50,BLS,,,
1982.291667,110.3257121,,,,,,1982.291667,48.93,S&P/CoreLogic/Case-Shiller,,,,1982.291667,94.90,BLS,,,
1982.375,109.4321957,,,,,,1982.375,49.00,S&P/CoreLogic/Case-Shiller,,,,1982.375,95.80,BLS,,,
1982.458333,108.0695717,,,,,,1982.458333,48.99,S&P/CoreLogic/Case-Shiller,,,,1982.458333,97.00,BLS,,,
1982.541667,107.486839,,,,,,1982.541667,48.98,S&P/CoreLogic/Case-Shiller,,,,1982.541667,97.50,BLS,,,
1982.625,107.2186223,,,,,,1982.625,48.96,S&P/CoreLogic/Case-Shiller,,,,1982.625,97.70,BLS,,,
1982.708333,107.036741,,,,,,1982.708333,48.97,S&P/CoreLogic/Case-Shiller,,,,1982.708333,97.90,BLS,,,
1982.791667,106.7119238,,,,,,1982.791667,48.97,S&P/CoreLogic/Case-Shiller,,,,1982.791667,98.20,BLS,,,
1982.875,106.9362534,,,,,,1982.875,48.98,S&P/CoreLogic/Case-Shiller,,,,1982.875,98.00,BLS,,,
1982.958333,107.5564814,,,,,,1982.958333,49.06,S&P/CoreLogic/Case-Shiller,,,,1982.958333,97.60,BLS,,,
1983.041667,107.695339,,,,,,1983.041667,49.22,S&P/CoreLogic/Case-Shiller,,,,1983.041667,97.80,BLS,,,
1983.125,108.1448542,,,,,,1983.125,49.48,S&P/CoreLogic/Case-Shiller,,,,1983.125,97.90,BLS,,,
1983.208333,108.5929078,,,,,,1983.208333,49.69,S&P/CoreLogic/Case-Shiller,,,,1983.208333,97.90,BLS,,,
1983.291667,108.3775127,,,,,,1983.291667,49.94,S&P/CoreLogic/Case-Shiller,,,,1983.291667,98.60,BLS,,,
1983.375,108.2634069,,,,,,1983.375,50.19,S&P/CoreLogic/Case-Shiller,,,,1983.375,99.20,BLS,,,
1983.458333,108.4660031,,,,,,1983.458333,50.44,S&P/CoreLogic/Case-Shiller,,,,1983.458333,99.50,BLS,,,
1983.541667,108.6485637,,,,,,1983.541667,50.73,S&P/CoreLogic/Case-Shiller,,,,1983.541667,99.90,BLS,,,
1983.625,108.8037467,,,,,,1983.625,50.95,S&P/CoreLogic/Case-Shiller,,,,1983.625,100.20,BLS,,,
1983.708333,108.55249,,,,,,1983.708333,51.09,S&P/CoreLogic/Case-Shiller,,,,1983.708333,100.70,BLS,,,
1983.791667,108.4334371,,,,,,1983.791667,51.18,S&P/CoreLogic/Case-Shiller,,,,1983.791667,101.00,BLS,,,
1983.875,108.3671468,,,,,,1983.875,51.25,S&P/CoreLogic/Case-Shiller,,,,1983.875,101.20,BLS,,,
1983.958333,108.5432145,,,,,,1983.958333,51.39,S&P/CoreLogic/Case-Shiller,,,,1983.958333,101.30,BLS,,,
1984.041667,108.2190733,,,,,,1984.041667,51.54,S&P/CoreLogic/Case-Shiller,,,,1984.041667,101.90,BLS,,,
1984.125,108.03753,,,,,,1984.125,51.70,S&P/CoreLogic/Case-Shiller,,,,1984.125,102.40,BLS,,,
1984.208333,108.3191101,,,,,,1984.208333,51.94,S&P/CoreLogic/Case-Shiller,,,,1984.208333,102.60,BLS,,,
1984.291667,108.3977383,,,,,,1984.291667,52.23,S&P/CoreLogic/Case-Shiller,,,,1984.291667,103.10,BLS,,,
1984.375,108.7640611,,,,,,1984.375,52.56,S&P/CoreLogic/Case-Shiller,,,,1984.375,103.40,BLS,,,
1984.458333,109.0746164,,,,,,1984.458333,52.86,S&P/CoreLogic/Case-Shiller,,,,1984.458333,103.70,BLS,,,
1984.541667,109.2556947,,,,,,1984.541667,53.15,S&P/CoreLogic/Case-Shiller,,,,1984.541667,104.10,BLS,,,
1984.625,109.359626,,,,,,1984.625,53.41,S&P/CoreLogic/Case-Shiller,,,,1984.625,104.50,BLS,,,
1984.708333,109.1608442,,,,,,1984.708333,53.57,S&P/CoreLogic/Case-Shiller,,,,1984.708333,105.00,BLS,,,
1984.791667,109.0510158,,,,,,1984.791667,53.67,S&P/CoreLogic/Case-Shiller,,,,1984.791667,105.30,BLS,,,
1984.875,109.0672721,,,,,,1984.875,53.67,S&P/CoreLogic/Case-Shiller,,,,1984.875,105.30,BLS,,,
1984.958333,109.3029877,,,,,,1984.958333,53.79,S&P/CoreLogic/Case-Shiller,,,,1984.958333,105.30,BLS,,,
1985.041667,109.4709915,,,,,,1985.041667,53.98,S&P/CoreLogic/Case-Shiller,,,,1985.041667,105.50,BLS,,,
1985.125,109.449179,,,,,,1985.125,54.22,S&P/CoreLogic/Case-Shiller,,,,1985.125,106.00,BLS,,,
1985.208333,109.6591223,,,,,,1985.208333,54.53,S&P/CoreLogic/Case-Shiller,,,,1985.208333,106.40,BLS,,,
1985.291667,109.8888174,,,,,,1985.291667,54.90,S&P/CoreLogic/Case-Shiller,,,,1985.291667,106.90,BLS,,,
1985.375,110.3167121,,,,,,1985.375,55.32,S&P/CoreLogic/Case-Shiller,,,,1985.375,107.30,BLS,,,
1985.458333,110.8005989,,,,,,1985.458333,55.72,S&P/CoreLogic/Case-Shiller,,,,1985.458333,107.60,BLS,,,
1985.541667,111.3870097,,,,,,1985.541667,56.12,S&P/CoreLogic/Case-Shiller,,,,1985.541667,107.80,BLS,,,
1985.625,111.9474739,,,,,,1985.625,56.50,S&P/CoreLogic/Case-Shiller,,,,1985.625,108.00,BLS,,,
1985.708333,112.3604919,,,,,,1985.708333,56.87,S&P/CoreLogic/Case-Shiller,,,,1985.708333,108.30,BLS,,,
1985.791667,112.5808699,,,,,,1985.791667,57.19,S&P/CoreLogic/Case-Shiller,,,,1985.791667,108.70,BLS,,,
1985.875,112.8854504,,,,,,1985.875,57.51,S&P/CoreLogic/Case-Shiller,,,,1985.875,109.00,BLS,,,
1985.958333,113.1746552,,,,,,1985.958333,57.81,S&P/CoreLogic/Case-Shiller,,,,1985.958333,109.30,BLS,,,
1986.041667,113.5423214,,,,,,1986.041667,58.16,S&P/CoreLogic/Case-Shiller,,,,1986.041667,109.60,BLS,,,
1986.125,114.5274027,,,,,,1986.125,58.50,S&P/CoreLogic/Case-Shiller,,,,1986.125,109.30,BLS,,,
1986.208333,115.9210219,,,,,,1986.208333,58.94,S&P/CoreLogic/Case-Shiller,,,,1986.208333,108.80,BLS,,,
1986.291667,117.2043692,,,,,,1986.291667,59.49,S&P/CoreLogic/Case-Shiller,,,,1986.291667,108.60,BLS,,,
1986.375,117.9936013,,,,,,1986.375,60.05,S&P/CoreLogic/Case-Shiller,,,,1986.375,108.90,BLS,,,
1986.458333,118.5136532,,,,,,1986.458333,60.65,S&P/CoreLogic/Case-Shiller,,,,1986.458333,109.50,BLS,,,
1986.541667,119.6900159,,,,,,1986.541667,61.25,S&P/CoreLogic/Case-Shiller,,,,1986.541667,109.50,BLS,,,
1986.625,120.507533,,,,,,1986.625,61.78,S&P/CoreLogic/Case-Shiller,,,,1986.625,109.70,BLS,,,
1986.708333,120.8519959,,,,,,1986.708333,62.24,S&P/CoreLogic/Case-Shiller,,,,1986.708333,110.20,BLS,,,
1986.791667,121.4194606,,,,,,1986.791667,62.59,S&P/CoreLogic/Case-Shiller,,,,1986.791667,110.30,BLS,,,
1986.875,121.9161235,,,,,,1986.875,62.90,S&P/CoreLogic/Case-Shiller,,,,1986.875,110.40,BLS,,,
1986.958333,122.7023485,,,,,,1986.958333,63.37,S&P/CoreLogic/Case-Shiller,,,,1986.958333,110.50,BLS,,,
1987.041667,122.6746137,,,,,,1987.041667,63.75,S&P/CoreLogic/Case-Shiller,,,,1987.041667,111.20,BLS,,,
1987.125,123.0018478,,,,,,1987.125,64.15,S&P/CoreLogic/Case-Shiller,,,,1987.125,111.60,BLS,,,
1987.208333,123.0945685,,,,,,1987.208333,64.49,S&P/CoreLogic/Case-Shiller,,,,1987.208333,112.10,BLS,,,
1987.291667,123.3980254,,,,,,1987.291667,64.99,S&P/CoreLogic/Case-Shiller,,,,1987.291667,112.70,BLS,,,
1987.375,124.0494421,,,,,,1987.375,65.57,S&P/CoreLogic/Case-Shiller,,,,1987.375,113.10,BLS,,,
1987.458333,124.8734785,,,,,,1987.458333,66.24,S&P/CoreLogic/Case-Shiller,,,,1987.458333,113.50,BLS,,,
1987.541667,125.60475,,,,,,1987.541667,66.80,S&P/CoreLogic/Case-Shiller,,,,1987.541667,113.80,BLS,,,
1987.625,125.8437724,,,,,,1987.625,67.28,S&P/CoreLogic/Case-Shiller,,,,1987.625,114.40,BLS,,,
1987.708333,125.8477213,,,,,,1987.708333,67.64,S&P/CoreLogic/Case-Shiller,,,,1987.708333,115.00,BLS,,,
1987.791667,126.0380434,,,,,,1987.791667,67.92,S&P/CoreLogic/Case-Shiller,,,,1987.791667,115.30,BLS,,,
1987.875,126.2829743,,,,,,1987.875,68.11,S&P/CoreLogic/Case-Shiller,,,,1987.875,115.40,BLS,,,
1987.958333,126.7483747,,,,,,1987.958333,68.36,S&P/CoreLogic/Case-Shiller,,,,1987.958333,115.40,BLS,,,
1988.041667,126.8580297,,,,,,1988.041667,68.60,S&P/CoreLogic/Case-Shiller,,,,1988.041667,115.70,BLS,,,
1988.125,127.1441985,,,,,,1988.125,68.93,S&P/CoreLogic/Case-Shiller,,,,1988.125,116.00,BLS,,,
1988.208333,127.346043,,,,,,1988.208333,69.34,S&P/CoreLogic/Case-Shiller,,,,1988.208333,116.50,BLS,,,
1988.291667,127.5395686,,,,,,1988.291667,69.80,S&P/CoreLogic/Case-Shiller,,,,1988.291667,117.10,BLS,,,
1988.375,128.232619,,,,,,1988.375,70.42,S&P/CoreLogic/Case-Shiller,,,,1988.375,117.50,BLS,,,
1988.458333,128.8842449,,,,,,1988.458333,71.08,S&P/CoreLogic/Case-Shiller,,,,1988.458333,118.00,BLS,,,
1988.541667,129.4563391,,,,,,1988.541667,71.69,S&P/CoreLogic/Case-Shiller,,,,1988.541667,118.50,BLS,,,
1988.625,129.8114509,,,,,,1988.625,72.19,S&P/CoreLogic/Case-Shiller,,,,1988.625,119.00,BLS,,,
1988.708333,129.6393834,,,,,,1988.708333,72.58,S&P/CoreLogic/Case-Shiller,,,,1988.708333,119.80,BLS,,,
1988.791667,129.6494461,,,,,,1988.791667,72.83,S&P/CoreLogic/Case-Shiller,,,,1988.791667,120.20,BLS,,,
1988.875,129.973889,,,,,,1988.875,73.07,S&P/CoreLogic/Case-Shiller,,,,1988.875,120.30,BLS,,,
1988.958333,130.134615,,,,,,1988.958333,73.29,S&P/CoreLogic/Case-Shiller,,,,1988.958333,120.50,BLS,,,
1989.041667,130.0853013,,,,,,1989.041667,73.62,S&P/CoreLogic/Case-Shiller,,,,1989.041667,121.10,BLS,,,
1989.125,130.1662872,,,,,,1989.125,73.97,S&P/CoreLogic/Case-Shiller,,,,1989.125,121.60,BLS,,,
1989.208333,130.1945753,,,,,,1989.208333,74.42,S&P/CoreLogic/Case-Shiller,,,,1989.208333,122.30,BLS,,,
1989.291667,130.1445668,,,,,,1989.291667,74.87,S&P/CoreLogic/Case-Shiller,,,,1989.291667,123.10,BLS,,,
1989.375,130.1501661,,,,,,1989.375,75.30,S&P/CoreLogic/Case-Shiller,,,,1989.375,123.80,BLS,,,
1989.458333,130.5252195,,,,,,1989.458333,75.70,S&P/CoreLogic/Case-Shiller,,,,1989.458333,124.10,BLS,,,
1989.541667,130.8055818,,,,,,1989.541667,76.05,S&P/CoreLogic/Case-Shiller,,,,1989.541667,124.40,BLS,,,
1989.625,130.9923124,,,,,,1989.625,76.28,S&P/CoreLogic/Case-Shiller,,,,1989.625,124.60,BLS,,,
1989.708333,130.826481,,,,,,1989.708333,76.43,S&P/CoreLogic/Case-Shiller,,,,1989.708333,125.00,BLS,,,
1989.791667,130.3139517,,,,,,1989.791667,76.49,S&P/CoreLogic/Case-Shiller,,,,1989.791667,125.60,BLS,,,
1989.875,130.0561199,,,,,,1989.875,76.52,S&P/CoreLogic/Case-Shiller,,,,1989.875,125.90,BLS,,,
1989.958333,129.8074241,,,,,,1989.958333,76.50,S&P/CoreLogic/Case-Shiller,,,,1989.958333,126.10,BLS,,,
1990.041667,128.5298855,,,,,,1990.041667,76.53,S&P/CoreLogic/Case-Shiller,,,,1990.041667,127.40,BLS,,,
1990.125,128.0277015,,,,,,1990.125,76.59,S&P/CoreLogic/Case-Shiller,,,,1990.125,128.00,BLS,,,
1990.208333,127.6688601,,,,,,1990.208333,76.79,S&P/CoreLogic/Case-Shiller,,,,1990.208333,128.70,BLS,,,
1990.291667,127.8874283,,,,,,1990.291667,77.04,S&P/CoreLogic/Case-Shiller,,,,1990.291667,128.90,BLS,,,
1990.375,128.0177595,,,,,,1990.375,77.30,S&P/CoreLogic/Case-Shiller,,,,1990.375,129.20,BLS,,,
1990.458333,127.6655811,,,,,,1990.458333,77.50,S&P/CoreLogic/Case-Shiller,,,,1990.458333,129.90,BLS,,,
1990.541667,127.2613924,,,,,,1990.541667,77.56,S&P/CoreLogic/Case-Shiller,,,,1990.541667,130.40,BLS,,,
1990.625,125.9660017,,,,,,1990.625,77.47,S&P/CoreLogic/Case-Shiller,,,,1990.625,131.60,BLS,,,
1990.708333,124.5170958,,,,,,1990.708333,77.22,S&P/CoreLogic/Case-Shiller,,,,1990.708333,132.70,BLS,,,
1990.791667,123.2644432,,,,,,1990.791667,76.91,S&P/CoreLogic/Case-Shiller,,,,1990.791667,133.50,BLS,,,
1990.875,122.1372911,,,,,,1990.875,76.37,S&P/CoreLogic/Case-Shiller,,,,1990.875,133.80,BLS,,,
1990.958333,121.4832184,,,,,,1990.958333,75.97,S&P/CoreLogic/Case-Shiller,,,,1990.958333,133.80,BLS,,,
1991.041667,120.0648921,,,,,,1991.041667,75.53,S&P/CoreLogic/Case-Shiller,,,,1991.041667,134.60,BLS,,,
1991.125,119.4423001,,,,,,1991.125,75.25,S&P/CoreLogic/Case-Shiller,,,,1991.125,134.80,BLS,,,
1991.208333,119.0973401,,,,,,1991.208333,75.14,S&P/CoreLogic/Case-Shiller,,,,1991.208333,135.00,BLS,,,
1991.291667,119.1917921,,,,,,1991.291667,75.31,S&P/CoreLogic/Case-Shiller,,,,1991.291667,135.20,BLS,,,
1991.375,119.5613269,,,,,,1991.375,75.77,S&P/CoreLogic/Case-Shiller,,,,1991.375,135.60,BLS,,,
1991.458333,119.9695945,,,,,,1991.458333,76.25,S&P/CoreLogic/Case-Shiller,,,,1991.458333,136.00,BLS,,,
1991.541667,120.1971799,,,,,,1991.541667,76.51,S&P/CoreLogic/Case-Shiller,,,,1991.541667,136.20,BLS,,,
1991.625,119.9658259,,,,,,1991.625,76.59,S&P/CoreLogic/Case-Shiller,,,,1991.625,136.60,BLS,,,
1991.708333,119.4178005,,,,,,1991.708333,76.57,S&P/CoreLogic/Case-Shiller,,,,1991.708333,137.20,BLS,,,
1991.791667,118.8017024,,,,,,1991.791667,76.29,S&P/CoreLogic/Case-Shiller,,,,1991.791667,137.40,BLS,,,
1991.875,118.0608912,,,,,,1991.875,76.03,S&P/CoreLogic/Case-Shiller,,,,1991.875,137.80,BLS,,,
1991.958333,117.6664989,,,,,,1991.958333,75.83,S&P/CoreLogic/Case-Shiller,,,,1991.958333,137.90,BLS,,,
1992.041667,117.2822732,,,,,,1992.041667,75.70,S&P/CoreLogic/Case-Shiller,,,,1992.041667,138.10,BLS,,,
1992.125,116.791249,,,,,,1992.125,75.65,S&P/CoreLogic/Case-Shiller,,,,1992.125,138.60,BLS,,,
1992.208333,116.4485916,,,,,,1992.208333,75.81,S&P/CoreLogic/Case-Shiller,,,,1992.208333,139.30,BLS,,,
1992.291667,116.6911799,,,,,,1992.291667,76.08,S&P/CoreLogic/Case-Shiller,,,,1992.291667,139.50,BLS,,,
1992.375,117.0127198,,,,,,1992.375,76.40,S&P/CoreLogic/Case-Shiller,,,,1992.375,139.70,BLS,,,
1992.458333,116.908284,,,,,,1992.458333,76.60,S&P/CoreLogic/Case-Shiller,,,,1992.458333,140.20,BLS,,,
1992.541667,116.8246581,,,,,,1992.541667,76.71,S&P/CoreLogic/Case-Shiller,,,,1992.541667,140.50,BLS,,,
1992.625,116.5248964,,,,,,1992.625,76.73,S&P/CoreLogic/Case-Shiller,,,,1992.625,140.90,BLS,,,
1992.708333,116.0405708,,,,,,1992.708333,76.63,S&P/CoreLogic/Case-Shiller,,,,1992.708333,141.30,BLS,,,
1992.791667,115.5876406,,,,,,1992.791667,76.60,S&P/CoreLogic/Case-Shiller,,,,1992.791667,141.80,BLS,,,
1992.875,115.3977178,,,,,,1992.875,76.58,S&P/CoreLogic/Case-Shiller,,,,1992.875,142.00,BLS,,,
1992.958333,115.305631,,,,,,1992.958333,76.47,S&P/CoreLogic/Case-Shiller,,,,1992.958333,141.90,BLS,,,
1993.041667,114.6360793,,,,,,1993.041667,76.40,S&P/CoreLogic/Case-Shiller,,,,1993.041667,142.60,BLS,,,
1993.125,114.1338557,,,,,,1993.125,76.33,S&P/CoreLogic/Case-Shiller,,,,1993.125,143.10,BLS,,,
1993.208333,113.8184071,,,,,,1993.208333,76.39,S&P/CoreLogic/Case-Shiller,,,,1993.208333,143.60,BLS,,,
1993.291667,113.9138456,,,,,,1993.291667,76.66,S&P/CoreLogic/Case-Shiller,,,,1993.291667,144.00,BLS,,,
1993.375,114.3033965,,,,,,1993.375,77.03,S&P/CoreLogic/Case-Shiller,,,,1993.375,144.20,BLS,,,
1993.458333,114.8652398,,,,,,1993.458333,77.52,S&P/CoreLogic/Case-Shiller,,,,1993.458333,144.40,BLS,,,
1993.541667,115.4105448,,,,,,1993.541667,77.89,S&P/CoreLogic/Case-Shiller,,,,1993.541667,144.40,BLS,,,
1993.625,115.4552487,,,,,,1993.625,78.13,S&P/CoreLogic/Case-Shiller,,,,1993.625,144.80,BLS,,,
1993.708333,115.3182919,,,,,,1993.708333,78.20,S&P/CoreLogic/Case-Shiller,,,,1993.708333,145.10,BLS,,,
1993.791667,114.8081592,,,,,,1993.791667,78.18,S&P/CoreLogic/Case-Shiller,,,,1993.791667,145.70,BLS,,,
1993.875,114.7294156,,,,,,1993.875,78.18,S&P/CoreLogic/Case-Shiller,,,,1993.875,145.80,BLS,,,
1993.958333,114.6457637,,,,,,1993.958333,78.12,S&P/CoreLogic/Case-Shiller,,,,1993.958333,145.80,BLS,,,
1994.041667,114.4564982,,,,,,1994.041667,78.20,S&P/CoreLogic/Case-Shiller,,,,1994.041667,146.20,BLS,,,
1994.125,114.0751457,,,,,,1994.125,78.21,S&P/CoreLogic/Case-Shiller,,,,1994.125,146.70,BLS,,,
1994.208333,113.8984372,,,,,,1994.208333,78.36,S&P/CoreLogic/Case-Shiller,,,,1994.208333,147.20,BLS,,,
1994.291667,114.2577773,,,,,,1994.291667,78.71,S&P/CoreLogic/Case-Shiller,,,,1994.291667,147.40,BLS,,,
1994.375,114.9187024,,,,,,1994.375,79.22,S&P/CoreLogic/Case-Shiller,,,,1994.375,147.50,BLS,,,
1994.458333,115.241779,,,,,,1994.458333,79.71,S&P/CoreLogic/Case-Shiller,,,,1994.458333,148.00,BLS,,,
1994.541667,115.4531098,,,,,,1994.541667,80.07,S&P/CoreLogic/Case-Shiller,,,,1994.541667,148.40,BLS,,,
1994.625,115.3515212,,,,,,1994.625,80.33,S&P/CoreLogic/Case-Shiller,,,,1994.625,149.00,BLS,,,
1994.708333,115.0741905,,,,,,1994.708333,80.35,S&P/CoreLogic/Case-Shiller,,,,1994.708333,149.40,BLS,,,
1994.791667,114.9442613,,,,,,1994.791667,80.31,S&P/CoreLogic/Case-Shiller,,,,1994.791667,149.50,BLS,,,
1994.875,114.5977335,,,,,,1994.875,80.18,S&P/CoreLogic/Case-Shiller,,,,1994.875,149.70,BLS,,,
1994.958333,114.4690925,,,,,,1994.958333,80.09,S&P/CoreLogic/Case-Shiller,,,,1994.958333,149.70,BLS,,,
1995.041667,113.9423717,,,,,,1995.041667,80.04,S&P/CoreLogic/Case-Shiller,,,,1995.041667,150.30,BLS,,,
1995.125,113.4453632,,,,,,1995.125,80.01,S&P/CoreLogic/Case-Shiller,,,,1995.125,150.90,BLS,,,
1995.208333,113.1964921,,,,,,1995.208333,80.09,S&P/CoreLogic/Case-Shiller,,,,1995.208333,151.40,BLS,,,
1995.291667,113.2366226,,,,,,1995.291667,80.39,S&P/CoreLogic/Case-Shiller,,,,1995.291667,151.90,BLS,,,
1995.375,113.4661121,,,,,,1995.375,80.71,S&P/CoreLogic/Case-Shiller,,,,1995.375,152.20,BLS,,,
1995.458333,113.7704662,,,,,,1995.458333,81.09,S&P/CoreLogic/Case-Shiller,,,,1995.458333,152.50,BLS,,,
1995.541667,114.2517299,,,,,,1995.541667,81.43,S&P/CoreLogic/Case-Shiller,,,,1995.541667,152.50,BLS,,,
1995.625,114.2928989,,,,,,1995.625,81.67,S&P/CoreLogic/Case-Shiller,,,,1995.625,152.90,BLS,,,
1995.708333,114.1878064,,,,,,1995.708333,81.76,S&P/CoreLogic/Case-Shiller,,,,1995.708333,153.20,BLS,,,
1995.791667,113.8010295,,,,,,1995.791667,81.75,S&P/CoreLogic/Case-Shiller,,,,1995.791667,153.70,BLS,,,
1995.875,113.7427787,,,,,,1995.875,81.65,S&P/CoreLogic/Case-Shiller,,,,1995.875,153.60,BLS,,,
1995.958333,113.6537848,,,,,,1995.958333,81.53,S&P/CoreLogic/Case-Shiller,,,,1995.958333,153.50,BLS,,,
1996.041667,112.8734992,,,,,,1996.041667,81.45,S&P/CoreLogic/Case-Shiller,,,,1996.041667,154.40,BLS,,,
1996.125,112.4718593,,,,,,1996.125,81.42,S&P/CoreLogic/Case-Shiller,,,,1996.125,154.90,BLS,,,
1996.208333,112.2595235,,,,,,1996.208333,81.69,S&P/CoreLogic/Case-Shiller,,,,1996.208333,155.70,BLS,,,
1996.291667,112.4555816,,,,,,1996.291667,82.15,S&P/CoreLogic/Case-Shiller,,,,1996.291667,156.30,BLS,,,
1996.375,112.8932725,,,,,,1996.375,82.62,S&P/CoreLogic/Case-Shiller,,,,1996.375,156.60,BLS,,,
1996.458333,113.4343352,,,,,,1996.458333,83.07,S&P/CoreLogic/Case-Shiller,,,,1996.458333,156.70,BLS,,,
1996.541667,113.7245749,,,,,,1996.541667,83.44,S&P/CoreLogic/Case-Shiller,,,,1996.541667,157.00,BLS,,,
1996.625,113.8178264,,,,,,1996.625,83.67,S&P/CoreLogic/Case-Shiller,,,,1996.625,157.30,BLS,,,
1996.708333,113.5331215,,,,,,1996.708333,83.73,S&P/CoreLogic/Case-Shiller,,,,1996.708333,157.80,BLS,,,
1996.791667,113.0758468,,,,,,1996.791667,83.66,S&P/CoreLogic/Case-Shiller,,,,1996.791667,158.30,BLS,,,
1996.875,112.762122,,,,,,1996.875,83.58,S&P/CoreLogic/Case-Shiller,,,,1996.875,158.60,BLS,,,
1996.958333,112.6730791,,,,,,1996.958333,83.52,S&P/CoreLogic/Case-Shiller,,,,1996.958333,158.60,BLS,,,
1997.041667,112.3714349,,,,,,1997.041667,83.55,S&P/CoreLogic/Case-Shiller,,,,1997.041667,159.10,BLS,,,
1997.125,112.1065384,,,,,,1997.125,83.62,S&P/CoreLogic/Case-Shiller,,,,1997.125,159.60,BLS,,,
1997.208333,112.2488686,,,,,,1997.208333,83.94,S&P/CoreLogic/Case-Shiller,,,,1997.208333,160.00,BLS,,,
1997.291667,112.6616965,,,,,,1997.291667,84.35,S&P/CoreLogic/Case-Shiller,,,,1997.291667,160.20,BLS,,,
1997.375,113.4631291,,,,,,1997.375,84.90,S&P/CoreLogic/Case-Shiller,,,,1997.375,160.10,BLS,,,
1997.458333,114.033029,,,,,,1997.458333,85.43,S&P/CoreLogic/Case-Shiller,,,,1997.458333,160.30,BLS,,,
1997.541667,114.4801906,,,,,,1997.541667,85.87,S&P/CoreLogic/Case-Shiller,,,,1997.541667,160.50,BLS,,,
1997.625,114.6777875,,,,,,1997.625,86.18,S&P/CoreLogic/Case-Shiller,,,,1997.625,160.80,BLS,,,
1997.708333,114.6056074,,,,,,1997.708333,86.34,S&P/CoreLogic/Case-Shiller,,,,1997.708333,161.20,BLS,,,
1997.791667,114.4503668,,,,,,1997.791667,86.44,S&P/CoreLogic/Case-Shiller,,,,1997.791667,161.60,BLS,,,
1997.875,114.8166888,,,,,,1997.875,86.66,S&P/CoreLogic/Case-Shiller,,,,1997.875,161.50,BLS,,,
1997.958333,115.2469149,,,,,,1997.958333,86.88,S&P/CoreLogic/Case-Shiller,,,,1997.958333,161.30,BLS,,,
1998.041667,115.4513789,,,,,,1998.041667,87.19,S&P/CoreLogic/Case-Shiller,,,,1998.041667,161.60,BLS,,,
1998.125,115.5163133,,,,,,1998.125,87.40,S&P/CoreLogic/Case-Shiller,,,,1998.125,161.90,BLS,,,
1998.208333,115.9662115,,,,,,1998.208333,87.91,S&P/CoreLogic/Case-Shiller,,,,1998.208333,162.20,BLS,,,
1998.291667,116.6475145,,,,,,1998.291667,88.59,S&P/CoreLogic/Case-Shiller,,,,1998.291667,162.50,BLS,,,
1998.375,117.5050555,,,,,,1998.375,89.40,S&P/CoreLogic/Case-Shiller,,,,1998.375,162.80,BLS,,,
1998.458333,118.4373058,,,,,,1998.458333,90.22,S&P/CoreLogic/Case-Shiller,,,,1998.458333,163.00,BLS,,,
1998.541667,119.1627382,,,,,,1998.541667,90.89,S&P/CoreLogic/Case-Shiller,,,,1998.541667,163.20,BLS,,,
1998.625,119.7344924,,,,,,1998.625,91.44,S&P/CoreLogic/Case-Shiller,,,,1998.625,163.40,BLS,,,
1998.708333,120.0380363,,,,,,1998.708333,91.78,S&P/CoreLogic/Case-Shiller,,,,1998.708333,163.60,BLS,,,
1998.791667,120.0675248,,,,,,1998.791667,92.03,S&P/CoreLogic/Case-Shiller,,,,1998.791667,164.00,BLS,,,
1998.875,120.3245532,,,,,,1998.875,92.22,S&P/CoreLogic/Case-Shiller,,,,1998.875,164.00,BLS,,,
1998.958333,120.7204274,,,,,,1998.958333,92.47,S&P/CoreLogic/Case-Shiller,,,,1998.958333,163.90,BLS,,,
1999.041667,120.7781542,,,,,,1999.041667,92.74,S&P/CoreLogic/Case-Shiller,,,,1999.041667,164.30,BLS,,,
1999.125,120.9786111,,,,,,1999.125,93.01,S&P/CoreLogic/Case-Shiller,,,,1999.125,164.50,BLS,,,
1999.208333,121.4302936,,,,,,1999.208333,93.64,S&P/CoreLogic/Case-Shiller,,,,1999.208333,165.00,BLS,,,
1999.291667,121.6182555,,,,,,1999.291667,94.47,S&P/CoreLogic/Case-Shiller,,,,1999.291667,166.20,BLS,,,
1999.375,122.8091398,,,,,,1999.375,95.39,S&P/CoreLogic/Case-Shiller,,,,1999.375,166.20,BLS,,,
1999.458333,124.1004447,,,,,,1999.458333,96.39,S&P/CoreLogic/Case-Shiller,,,,1999.458333,166.20,BLS,,,
1999.541667,124.7910228,,,,,,1999.541667,97.22,S&P/CoreLogic/Case-Shiller,,,,1999.541667,166.70,BLS,,,
1999.625,125.3950594,,,,,,1999.625,97.93,S&P/CoreLogic/Case-Shiller,,,,1999.625,167.10,BLS,,,
1999.708333,125.4398856,,,,,,1999.708333,98.43,S&P/CoreLogic/Case-Shiller,,,,1999.708333,167.90,BLS,,,
1999.791667,125.7695304,,,,,,1999.791667,98.87,S&P/CoreLogic/Case-Shiller,,,,1999.791667,168.20,BLS,,,
1999.875,126.1003707,,,,,,1999.875,99.18,S&P/CoreLogic/Case-Shiller,,,,1999.875,168.30,BLS,,,
1999.958333,126.6012937,,,,,,1999.958333,99.58,S&P/CoreLogic/Case-Shiller,,,,1999.958333,168.30,BLS,,,
2000.041667,126.7612222,,,,,,2000.041667,100.00,S&P/CoreLogic/Case-Shiller,,,,2000.041667,168.80,BLS,,,
2000.125,126.7329734,,,,,,2000.125,100.57,S&P/CoreLogic/Case-Shiller,,,,2000.125,169.80,BLS,,,
2000.208333,126.816464,,,,,,2000.208333,101.47,S&P/CoreLogic/Case-Shiller,,,,2000.208333,171.20,BLS,,,
2000.291667,128.085228,,,,,,2000.291667,102.54,S&P/CoreLogic/Case-Shiller,,,,2000.291667,171.30,BLS,,,
2000.375,129.3843857,,,,,,2000.375,103.70,S&P/CoreLogic/Case-Shiller,,,,2000.375,171.50,BLS,,,
2000.458333,130.1412234,,,,,,2000.458333,104.86,S&P/CoreLogic/Case-Shiller,,,,2000.458333,172.40,BLS,,,
2000.541667,130.9123119,,,,,,2000.541667,105.72,S&P/CoreLogic/Case-Shiller,,,,2000.541667,172.80,BLS,,,
2000.625,131.9029273,,,,,,2000.625,106.52,S&P/CoreLogic/Case-Shiller,,,,2000.625,172.80,BLS,,,
2000.708333,131.9746186,,,,,,2000.708333,107.14,S&P/CoreLogic/Case-Shiller,,,,2000.708333,173.70,BLS,,,
2000.791667,132.4763058,,,,,,2000.791667,107.73,S&P/CoreLogic/Case-Shiller,,,,2000.791667,174.00,BLS,,,
2000.875,133.0921538,,,,,,2000.875,108.29,S&P/CoreLogic/Case-Shiller,,,,2000.875,174.10,BLS,,,
2000.958333,133.7847381,,,,,,2000.958333,108.79,S&P/CoreLogic/Case-Shiller,,,,2000.958333,174.00,BLS,,,
2001.041667,133.4611935,,,,,,2001.041667,109.22,S&P/CoreLogic/Case-Shiller,,,,2001.041667,175.10,BLS,,,
2001.125,133.4507133,,,,,,2001.125,109.64,S&P/CoreLogic/Case-Shiller,,,,2001.125,175.80,BLS,,,
2001.208333,134.0609708,,,,,,2001.208333,110.40,S&P/CoreLogic/Case-Shiller,,,,2001.208333,176.20,BLS,,,
2001.291667,134.5622497,,,,,,2001.291667,111.25,S&P/CoreLogic/Case-Shiller,,,,2001.291667,176.90,BLS,,,
2001.375,135.1063935,,,,,,2001.375,112.20,S&P/CoreLogic/Case-Shiller,,,,2001.375,177.70,BLS,,,
2001.458333,136.1661301,,,,,,2001.458333,113.27,S&P/CoreLogic/Case-Shiller,,,,2001.458333,178.00,BLS,,,
2001.541667,137.7009314,,,,,,2001.541667,114.23,S&P/CoreLogic/Case-Shiller,,,,2001.541667,177.50,BLS,,,
2001.625,138.6195082,,,,,,2001.625,114.99,S&P/CoreLogic/Case-Shiller,,,,2001.625,177.50,BLS,,,
2001.708333,138.5687819,,,,,,2001.708333,115.47,S&P/CoreLogic/Case-Shiller,,,,2001.708333,178.30,BLS,,,
2001.791667,139.2955431,,,,,,2001.791667,115.68,S&P/CoreLogic/Case-Shiller,,,,2001.791667,177.70,BLS,,,
2001.875,139.7204721,,,,,,2001.875,115.84,S&P/CoreLogic/Case-Shiller,,,,2001.875,177.40,BLS,,,
2001.958333,140.5367509,,,,,,2001.958333,116.06,S&P/CoreLogic/Case-Shiller,,,,2001.958333,176.70,BLS,,,
2002.041667,140.680867,,,,,,2002.041667,116.44,S&P/CoreLogic/Case-Shiller,,,,2002.041667,177.10,BLS,,,
2002.125,140.7046601,,,,,,2002.125,116.92,S&P/CoreLogic/Case-Shiller,,,,2002.125,177.80,BLS,,,
2002.208333,141.131192,,,,,,2002.208333,117.93,S&P/CoreLogic/Case-Shiller,,,,2002.208333,178.80,BLS,,,
2002.291667,141.8695355,,,,,,2002.291667,119.21,S&P/CoreLogic/Case-Shiller,,,,2002.291667,179.80,BLS,,,
2002.375,143.7486417,,,,,,2002.375,120.79,S&P/CoreLogic/Case-Shiller,,,,2002.375,179.80,BLS,,,
2002.458333,145.5051695,,,,,,2002.458333,122.34,S&P/CoreLogic/Case-Shiller,,,,2002.458333,179.90,BLS,,,
2002.541667,146.949869,,,,,,2002.541667,123.69,S&P/CoreLogic/Case-Shiller,,,,2002.541667,180.10,BLS,,,
2002.625,147.6958009,,,,,,2002.625,124.73,S&P/CoreLogic/Case-Shiller,,,,2002.625,180.70,BLS,,,
2002.708333,148.3541798,,,,,,2002.708333,125.49,S&P/CoreLogic/Case-Shiller,,,,2002.708333,181.00,BLS,,,
2002.791667,148.8663937,,,,,,2002.791667,126.14,S&P/CoreLogic/Case-Shiller,,,,2002.791667,181.30,BLS,,,
2002.875,149.4635824,,,,,,2002.875,126.64,S&P/CoreLogic/Case-Shiller,,,,2002.875,181.30,BLS,,,
2002.958333,150.3961289,,,,,,2002.958333,127.15,S&P/CoreLogic/Case-Shiller,,,,2002.958333,180.90,BLS,,,
2003.041667,150.3251191,,,,,,2003.041667,127.65,S&P/CoreLogic/Case-Shiller,,,,2003.041667,181.70,BLS,,,
2003.125,149.9645323,,,,,,2003.125,128.33,S&P/CoreLogic/Case-Shiller,,,,2003.125,183.10,BLS,,,
2003.208333,150.2108647,,,,,,2003.208333,129.31,S&P/CoreLogic/Case-Shiller,,,,2003.208333,184.20,BLS,,,
2003.291667,151.9114763,,,,,,2003.291667,130.49,S&P/CoreLogic/Case-Shiller,,,,2003.291667,183.80,BLS,,,
2003.375,153.7351869,,,,,,2003.375,131.84,S&P/CoreLogic/Case-Shiller,,,,2003.375,183.50,BLS,,,
2003.458333,155.1798876,,,,,,2003.458333,133.23,S&P/CoreLogic/Case-Shiller,,,,2003.458333,183.70,BLS,,,
2003.541667,156.6644964,,,,,,2003.541667,134.65,S&P/CoreLogic/Case-Shiller,,,,2003.541667,183.90,BLS,,,
2003.625,157.5981432,,,,,,2003.625,135.96,S&P/CoreLogic/Case-Shiller,,,,2003.625,184.60,BLS,,,
2003.708333,158.372328,,,,,,2003.708333,137.08,S&P/CoreLogic/Case-Shiller,,,,2003.708333,185.20,BLS,,,
2003.791667,159.586804,,,,,,2003.791667,137.98,S&P/CoreLogic/Case-Shiller,,,,2003.791667,185.00,BLS,,,
2003.875,160.9366468,,,,,,2003.875,138.77,S&P/CoreLogic/Case-Shiller,,,,2003.875,184.50,BLS,,,
2003.958333,162.1144002,,,,,,2003.958333,139.63,S&P/CoreLogic/Case-Shiller,,,,2003.958333,184.30,BLS,,,
2004.041667,162.5720669,,,,,,2004.041667,140.71,S&P/CoreLogic/Case-Shiller,,,,2004.041667,185.20,BLS,,,
2004.125,163.2204456,,,,,,2004.125,142.04,S&P/CoreLogic/Case-Shiller,,,,2004.125,186.20,BLS,,,
2004.208333,164.5159632,,,,,,2004.208333,144.09,S&P/CoreLogic/Case-Shiller,,,,2004.208333,187.40,BLS,,,
2004.291667,166.3776211,,,,,,2004.291667,146.18,S&P/CoreLogic/Case-Shiller,,,,2004.291667,188.00,BLS,,,
2004.375,167.845989,,,,,,2004.375,148.34,S&P/CoreLogic/Case-Shiller,,,,2004.375,189.10,BLS,,,
2004.458333,169.7774352,,,,,,2004.458333,150.52,S&P/CoreLogic/Case-Shiller,,,,2004.458333,189.70,BLS,,,
2004.541667,172.1013529,,,,,,2004.541667,152.34,S&P/CoreLogic/Case-Shiller,,,,2004.541667,189.40,BLS,,,
2004.625,173.6782811,,,,,,2004.625,153.81,S&P/CoreLogic/Case-Shiller,,,,2004.625,189.50,BLS,,,
2004.708333,174.7704858,,,,,,2004.708333,155.11,S&P/CoreLogic/Case-Shiller,,,,2004.708333,189.90,BLS,,,
2004.791667,175.1910477,,,,,,2004.791667,156.30,S&P/CoreLogic/Case-Shiller,,,,2004.791667,190.90,BLS,,,
2004.875,176.4414167,,,,,,2004.875,157.50,S&P/CoreLogic/Case-Shiller,,,,2004.875,191.00,BLS,,,
2004.958333,178.4127313,,,,,,2004.958333,158.67,S&P/CoreLogic/Case-Shiller,,,,2004.958333,190.30,BLS,,,
2005.041667,179.6789261,,,,,,2005.041667,160.14,S&P/CoreLogic/Case-Shiller,,,,2005.041667,190.70,BLS,,,
2005.125,180.6520679,,,,,,2005.125,161.93,S&P/CoreLogic/Case-Shiller,,,,2005.125,191.80,BLS,,,
2005.208333,182.1836261,,,,,,2005.208333,164.58,S&P/CoreLogic/Case-Shiller,,,,2005.208333,193.30,BLS,,,
2005.291667,183.6252903,,,,,,2005.291667,167.00,S&P/CoreLogic/Case-Shiller,,,,2005.291667,194.60,BLS,,,
2005.375,186.6121436,,,,,,2005.375,169.54,S&P/CoreLogic/Case-Shiller,,,,2005.375,194.40,BLS,,,
2005.458333,189.2345905,,,,,,2005.458333,172.01,S&P/CoreLogic/Case-Shiller,,,,2005.458333,194.50,BLS,,,
2005.541667,190.643979,,,,,,2005.541667,174.10,S&P/CoreLogic/Case-Shiller,,,,2005.541667,195.40,BLS,,,
2005.625,191.6626685,,,,,,2005.625,175.92,S&P/CoreLogic/Case-Shiller,,,,2005.625,196.40,BLS,,,
2005.708333,191.1678188,,,,,,2005.708333,177.61,S&P/CoreLogic/Case-Shiller,,,,2005.708333,198.80,BLS,,,
2005.791667,192.0117141,,,,,,2005.791667,178.76,S&P/CoreLogic/Case-Shiller,,,,2005.791667,199.20,BLS,,,
2005.875,194.5670265,,,,,,2005.875,179.68,S&P/CoreLogic/Case-Shiller,,,,2005.875,197.60,BLS,,,
2005.958333,195.8298206,,,,,,2005.958333,180.11,S&P/CoreLogic/Case-Shiller,,,,2005.958333,196.80,BLS,,,
2006.041667,195.1254121,,,,,,2006.041667,180.83,S&P/CoreLogic/Case-Shiller,,,,2006.041667,198.30,BLS,,,
2006.125,195.4562609,,,,,,2006.125,181.51,S&P/CoreLogic/Case-Shiller,,,,2006.125,198.70,BLS,,,
2006.208333,195.716703,,,,,,2006.208333,182.75,S&P/CoreLogic/Case-Shiller,,,,2006.208333,199.80,BLS,,,
2006.291667,195.0190817,,,,,,2006.291667,183.65,S&P/CoreLogic/Case-Shiller,,,,2006.291667,201.50,BLS,,,
2006.375,194.8294971,,,,,,2006.375,184.38,S&P/CoreLogic/Case-Shiller,,,,2006.375,202.50,BLS,,,
2006.458333,194.6236303,,,,,,2006.458333,184.55,S&P/CoreLogic/Case-Shiller,,,,2006.458333,202.90,BLS,,,
2006.541667,194.1160437,,,,,,2006.541667,184.62,S&P/CoreLogic/Case-Shiller,,,,2006.541667,203.50,BLS,,,
2006.625,193.5232582,,,,,,2006.625,184.41,S&P/CoreLogic/Case-Shiller,,,,2006.625,203.90,BLS,,,
2006.708333,194.2598025,,,,,,2006.708333,184.21,S&P/CoreLogic/Case-Shiller,,,,2006.708333,202.90,BLS,,,
2006.791667,195.166015,,,,,,2006.791667,184.06,S&P/CoreLogic/Case-Shiller,,,,2006.791667,201.80,BLS,,,
2006.875,195.0063389,,,,,,2006.875,183.64,S&P/CoreLogic/Case-Shiller,,,,2006.875,201.50,BLS,,,
2006.958333,194.2891288,,,,,,2006.958333,183.24,S&P/CoreLogic/Case-Shiller,,,,2006.958333,201.80,BLS,,,
2007.041667,193.1555711,,,,,,2007.041667,182.72,S&P/CoreLogic/Case-Shiller,,,,2007.041667,202.416,BLS,,,
2007.125,191.8668534,,,,,,2007.125,182.48,S&P/CoreLogic/Case-Shiller,,,,2007.125,203.499,BLS,,,
2007.208333,189.8469082,,,,,,2007.208333,182.20,S&P/CoreLogic/Case-Shiller,,,,2007.208333,205.352,BLS,,,
2007.291667,188.558441,,,,,,2007.291667,182.14,S&P/CoreLogic/Case-Shiller,,,,2007.291667,206.686,BLS,,,
2007.375,187.1611143,,,,,,2007.375,181.89,S&P/CoreLogic/Case-Shiller,,,,2007.375,207.949,BLS,,,
2007.458333,186.4458218,,,,,,2007.458333,181.55,S&P/CoreLogic/Case-Shiller,,,,2007.458333,208.352,BLS,,,
2007.541667,185.9323888,,,,,,2007.541667,181.00,S&P/CoreLogic/Case-Shiller,,,,2007.541667,208.299,BLS,,,
2007.625,185.4928899,,,,,,2007.625,180.24,S&P/CoreLogic/Case-Shiller,,,,2007.625,207.917,BLS,,,
2007.708333,183.8418498,,,,,,2007.708333,179.13,S&P/CoreLogic/Case-Shiller,,,,2007.708333,208.49,BLS,,,
2007.791667,181.8200612,,,,,,2007.791667,177.54,S&P/CoreLogic/Case-Shiller,,,,2007.791667,208.936,BLS,,,
2007.875,178.3367465,,,,,,2007.875,175.17,S&P/CoreLogic/Case-Shiller,,,,2007.875,210.177,BLS,,,
2007.958333,176.5962395,,,,,,2007.958333,173.35,S&P/CoreLogic/Case-Shiller,,,,2007.958333,210.036,BLS,,,
2008.041667,173.4287805,,,,,,2008.041667,171.08,S&P/CoreLogic/Case-Shiller,,,,2008.041667,211.08,BLS,,,
2008.125,171.0182485,,,,,,2008.125,169.20,S&P/CoreLogic/Case-Shiller,,,,2008.125,211.693,BLS,,,
2008.208333,168.2578815,,,,,,2008.208333,167.91,S&P/CoreLogic/Case-Shiller,,,,2008.208333,213.528,BLS,,,
2008.291667,166.6658813,,,,,,2008.291667,167.33,S&P/CoreLogic/Case-Shiller,,,,2008.291667,214.823,BLS,,,
2008.375,164.9768214,,,,,,2008.375,167.03,S&P/CoreLogic/Case-Shiller,,,,2008.375,216.632,BLS,,,
2008.458333,162.8615577,,,,,,2008.458333,166.55,S&P/CoreLogic/Case-Shiller,,,,2008.458333,218.815,BLS,,,
2008.541667,161.2121982,,,,,,2008.541667,165.73,S&P/CoreLogic/Case-Shiller,,,,2008.541667,219.964,BLS,,,
2008.625,160.4567558,,,,,,2008.625,164.29,S&P/CoreLogic/Case-Shiller,,,,2008.625,219.086,BLS,,,
2008.708333,158.3630395,,,,,,2008.708333,161.92,S&P/CoreLogic/Case-Shiller,,,,2008.708333,218.783,BLS,,,
2008.791667,157.2590921,,,,,,2008.791667,159.17,S&P/CoreLogic/Case-Shiller,,,,2008.791667,216.573,BLS,,,
2008.875,157.2153419,,,,,,2008.875,156.08,S&P/CoreLogic/Case-Shiller,,,,2008.875,212.425,BLS,,,
2008.958333,155.2705367,,,,,,2008.958333,152.55,S&P/CoreLogic/Case-Shiller,,,,2008.958333,210.228,BLS,,,
2009.041667,151.3740283,,,,,,2009.041667,149.37,S&P/CoreLogic/Case-Shiller,,,,2009.041667,211.143,BLS,,,
2009.125,148.8663511,,,,,,2009.125,147.63,S&P/CoreLogic/Case-Shiller,,,,2009.125,212.193,BLS,,,
2009.208333,147.3946637,,,,,,2009.208333,146.52,S&P/CoreLogic/Case-Shiller,,,,2009.208333,212.709,BLS,,,
2009.291667,147.4570997,,,,,,2009.291667,146.95,S&P/CoreLogic/Case-Shiller,,,,2009.291667,213.24,BLS,,,
2009.375,148.2590283,,,,,,2009.375,148.18,S&P/CoreLogic/Case-Shiller,,,,2009.375,213.856,BLS,,,
2009.458333,148.6093789,,,,,,2009.458333,149.80,S&P/CoreLogic/Case-Shiller,,,,2009.458333,215.693,BLS,,,
2009.541667,149.7883135,,,,,,2009.541667,150.75,S&P/CoreLogic/Case-Shiller,,,,2009.541667,215.351,BLS,,,
2009.625,149.3708282,,,,,,2009.625,150.67,S&P/CoreLogic/Case-Shiller,,,,2009.625,215.834,BLS,,,
2009.708333,148.2460793,,,,,,2009.708333,149.63,S&P/CoreLogic/Case-Shiller,,,,2009.708333,215.969,BLS,,,
2009.791667,147.0740441,,,,,,2009.791667,148.59,S&P/CoreLogic/Case-Shiller,,,,2009.791667,216.177,BLS,,,
2009.875,146.3340315,,,,,,2009.875,147.95,S&P/CoreLogic/Case-Shiller,,,,2009.875,216.33,BLS,,,
2009.958333,145.3328398,,,,,,2009.958333,146.68,S&P/CoreLogic/Case-Shiller,,,,2009.958333,215.949,BLS,,,
2010.041667,143.1868025,,,,,,2010.041667,145.00,S&P/CoreLogic/Case-Shiller,,,,2010.041667,216.687,BLS,,,
2010.125,141.2289938,,,,,,2010.125,143.06,S&P/CoreLogic/Case-Shiller,,,,2010.125,216.741,BLS,,,
2010.208333,141.1823625,,,,,,2010.208333,143.60,S&P/CoreLogic/Case-Shiller,,,,2010.208333,217.631,BLS,,,
2010.291667,142.7062093,,,,,,2010.291667,145.40,S&P/CoreLogic/Case-Shiller,,,,2010.291667,218.009,BLS,,,
2010.375,144.1971958,,,,,,2010.375,147.03,S&P/CoreLogic/Case-Shiller,,,,2010.375,218.178,BLS,,,
2010.458333,144.9899471,,,,,,2010.458333,147.70,S&P/CoreLogic/Case-Shiller,,,,2010.458333,217.965,BLS,,,
2010.541667,144.8190032,,,,,,2010.541667,147.55,S&P/CoreLogic/Case-Shiller,,,,2010.541667,218.011,BLS,,,
2010.625,143.5029706,,,,,,2010.625,146.41,S&P/CoreLogic/Case-Shiller,,,,2010.625,218.312,BLS,,,
2010.708333,141.6416465,,,,,,2010.708333,144.60,S&P/CoreLogic/Case-Shiller,,,,2010.708333,218.439,BLS,,,
2010.791667,140.0283176,,,,,,2010.791667,143.13,S&P/CoreLogic/Case-Shiller,,,,2010.791667,218.711,BLS,,,
2010.875,138.6952036,,,,,,2010.875,141.83,S&P/CoreLogic/Case-Shiller,,,,2010.875,218.803,BLS,,,
2010.958333,137.2984672,,,,,,2010.958333,140.64,S&P/CoreLogic/Case-Shiller,,,,2010.958333,219.179,BLS,,,
2011.041667,135.1027085,,,,,,2011.041667,139.05,S&P/CoreLogic/Case-Shiller,,,,2011.041667,220.223,BLS,,,
2011.125,133.1799295,,,,,,2011.125,137.75,S&P/CoreLogic/Case-Shiller,,,,2011.125,221.309,BLS,,,
2011.208333,131.939784,,,,,,2011.208333,137.79,S&P/CoreLogic/Case-Shiller,,,,2011.208333,223.467,BLS,,,
2011.291667,132.391394,,,,,,2011.291667,139.16,S&P/CoreLogic/Case-Shiller,,,,2011.291667,224.906,BLS,,,
2011.375,133.2193779,,,,,,2011.375,140.69,S&P/CoreLogic/Case-Shiller,,,,2011.375,225.964,BLS,,,
2011.458333,134.5480886,,,,,,2011.458333,141.94,S&P/CoreLogic/Case-Shiller,,,,2011.458333,225.722,BLS,,,
2011.541667,134.8040339,,,,,,2011.541667,142.33,S&P/CoreLogic/Case-Shiller,,,,2011.541667,225.922,BLS,,,
2011.625,133.9072326,,,,,,2011.625,141.78,S&P/CoreLogic/Case-Shiller,,,,2011.625,226.545,BLS,,,
2011.708333,132.1802015,,,,,,2011.708333,140.16,S&P/CoreLogic/Case-Shiller,,,,2011.708333,226.889,BLS,,,
2011.791667,130.7930063,,,,,,2011.791667,138.40,S&P/CoreLogic/Case-Shiller,,,,2011.791667,226.421,BLS,,,
2011.875,129.2548664,,,,,,2011.875,136.66,S&P/CoreLogic/Case-Shiller,,,,2011.875,226.23,BLS,,,
2011.958333,128.1550699,,,,,,2011.958333,135.16,S&P/CoreLogic/Case-Shiller,,,,2011.958333,225.672,BLS,,,
2012.041667,126.6534043,,,,,,2012.041667,134.17,S&P/CoreLogic/Case-Shiller,,,,2012.041667,226.665,BLS,,,
2012.125,125.9412395,,,,,,2012.125,134.00,S&P/CoreLogic/Case-Shiller,,,,2012.125,227.663,BLS,,,
2012.208333,126.739083,,,,,,2012.208333,135.87,S&P/CoreLogic/Case-Shiller,,,,2012.208333,229.392,BLS,,,
2012.291667,128.7855144,,,,,,2012.291667,138.48,S&P/CoreLogic/Case-Shiller,,,,2012.291667,230.085,BLS,,,
2012.375,131.3361763,,,,,,2012.375,141.06,S&P/CoreLogic/Case-Shiller,,,,2012.375,229.815,BLS,,,
2012.458333,133.5030115,,,,,,2012.458333,143.18,S&P/CoreLogic/Case-Shiller,,,,2012.458333,229.478,BLS,,,
2012.541667,134.7567047,,,,,,2012.541667,144.29,S&P/CoreLogic/Case-Shiller,,,,2012.541667,229.104,BLS,,,
2012.625,134.4028607,,,,,,2012.625,144.71,S&P/CoreLogic/Case-Shiller,,,,2012.625,230.379,BLS,,,
2012.708333,133.4877076,,,,,,2012.708333,144.36,S&P/CoreLogic/Case-Shiller,,,,2012.708333,231.407,BLS,,,
2012.791667,133.1807366,,,,,,2012.791667,143.98,S&P/CoreLogic/Case-Shiller,,,,2012.791667,231.317,BLS,,,
2012.875,133.8110449,,,,,,2012.875,143.97,S&P/CoreLogic/Case-Shiller,,,,2012.875,230.221,BLS,,,
2012.958333,134.084778,,,,,,2012.958333,143.88,S&P/CoreLogic/Case-Shiller,,,,2012.958333,229.601,BLS,,,
2013.041667,134.0964011,,,,,,2013.041667,144.32,S&P/CoreLogic/Case-Shiller,,,,2013.041667,230.28,BLS,,,
2013.125,133.7858532,,,,,,2013.125,145.16,S&P/CoreLogic/Case-Shiller,,,,2013.125,232.166,BLS,,,
2013.208333,136.0108373,,,,,,2013.208333,147.96,S&P/CoreLogic/Case-Shiller,,,,2013.208333,232.773,BLS,,,
2013.291667,138.9276829,,,,,,2013.291667,150.98,S&P/CoreLogic/Case-Shiller,,,,2013.291667,232.531,BLS,,,
2013.375,141.3418302,,,,,,2013.375,153.87,S&P/CoreLogic/Case-Shiller,,,,2013.375,232.945,BLS,,,
2013.458333,143.3603324,,,,,,2013.458333,156.45,S&P/CoreLogic/Case-Shiller,,,,2013.458333,233.504,BLS,,,
2013.541667,145.0103711,,,,,,2013.541667,158.31,S&P/CoreLogic/Case-Shiller,,,,2013.541667,233.596,BLS,,,
2013.625,145.8507619,,,,,,2013.625,159.42,S&P/CoreLogic/Case-Shiller,,,,2013.625,233.877,BLS,,,
2013.708333,145.9326378,,,,,,2013.708333,159.69,S&P/CoreLogic/Case-Shiller,,,,2013.708333,234.149,BLS,,,
2013.791667,146.1958182,,,,,,2013.791667,159.57,S&P/CoreLogic/Case-Shiller,,,,2013.791667,233.546,BLS,,,
2013.875,146.3123279,,,,,,2013.875,159.37,S&P/CoreLogic/Case-Shiller,,,,2013.875,233.069,BLS,,,
2013.958333,146.2523507,,,,,,2013.958333,159.29,S&P/CoreLogic/Case-Shiller,,,,2013.958333,233.049,BLS,,,
2014.041667,145.8017467,,,,,,2014.041667,159.39,S&P/CoreLogic/Case-Shiller,,,,2014.041667,233.916,BLS,,,
2014.125,145.7321056,,,,,,2014.125,159.90,S&P/CoreLogic/Case-Shiller,,,,2014.125,234.781,BLS,,,
2014.208333,145.9930926,,,,,,2014.208333,161.22,S&P/CoreLogic/Case-Shiller,,,,2014.208333,236.293,BLS,,,
2014.291667,147.1172292,,,,,,2014.291667,163.00,S&P/CoreLogic/Case-Shiller,,,,2014.291667,237.072,BLS,,,
2014.375,148.1441087,,,,,,2014.375,164.71,S&P/CoreLogic/Case-Shiller,,,,2014.375,237.9,BLS,,,
2014.458333,149.2387281,,,,,,2014.458333,166.24,S&P/CoreLogic/Case-Shiller,,,,2014.458333,238.343,BLS,,,
2014.541667,150.1232373,,,,,,2014.541667,167.16,S&P/CoreLogic/Case-Shiller,,,,2014.541667,238.25,BLS,,,
2014.625,150.656916,,,,,,2014.625,167.47,S&P/CoreLogic/Case-Shiller,,,,2014.625,237.852,BLS,,,
2014.708333,150.3584422,,,,,,2014.708333,167.26,S&P/CoreLogic/Case-Shiller,,,,2014.708333,238.031,BLS,,,
2014.791667,150.4397421,,,,,,2014.791667,166.93,S&P/CoreLogic/Case-Shiller,,,,2014.791667,237.433,BLS,,,
2014.875,151.0308236,,,,,,2014.875,166.69,S&P/CoreLogic/Case-Shiller,,,,2014.875,236.151,BLS,,,
2014.958333,151.718929,,,,,,2014.958333,166.50,S&P/CoreLogic/Case-Shiller,,,,2014.958333,234.812,BLS,,,
2015.041667,152.2549967,,,,,,2015.041667,166.30,S&P/CoreLogic/Case-Shiller,,,,2015.041667,233.707,BLS,,,
2015.125,151.9530421,,,,,,2015.125,166.69,S&P/CoreLogic/Case-Shiller,,,,2015.125,234.722,BLS,,,
2015.208333,152.3716372,,,,,,2015.208333,168.14,S&P/CoreLogic/Case-Shiller,,,,2015.208333,236.119,BLS,,,
2015.291667,153.7536845,,,,,,2015.291667,170.01,S&P/CoreLogic/Case-Shiller,,,,2015.291667,236.599,BLS,,,
2015.375,154.6610343,,,,,,2015.375,171.89,S&P/CoreLogic/Case-Shiller,,,,2015.375,237.805,BLS,,,
2015.458333,155.5566924,,,,,,2015.458333,173.49,S&P/CoreLogic/Case-Shiller,,,,2015.458333,238.638,BLS,,,
2015.541667,156.4849851,,,,,,2015.541667,174.54,S&P/CoreLogic/Case-Shiller,,,,2015.541667,238.654,BLS,,,
2015.625,157.1091639,,,,,,2015.625,174.98,S&P/CoreLogic/Case-Shiller,,,,2015.625,238.316,BLS,,,
2015.708333,157.4584394,,,,,,2015.708333,175.10,S&P/CoreLogic/Case-Shiller,,,,2015.708333,237.945,BLS,,,
2015.791667,157.5409733,,,,,,2015.791667,175.11,S&P/CoreLogic/Case-Shiller,,,,2015.791667,237.838,BLS,,,
2015.875,157.9661545,,,,,,2015.875,175.21,S&P/CoreLogic/Case-Shiller,,,,2015.875,237.336,BLS,,,
2015.958333,158.4869839,,,,,,2015.958333,175.19,S&P/CoreLogic/Case-Shiller,,,,2015.958333,236.525,BLS,,,
2016.041667,158.1477494,,,,,,2016.041667,175.11,S&P/CoreLogic/Case-Shiller,,,,2016.041667,236.916,BLS,,,
2016.125,158.232464,,,,,,2016.125,175.34,S&P/CoreLogic/Case-Shiller,,,,2016.125,237.111,BLS,,,
2016.208333,158.7365249,,,,,,2016.208333,176.66,S&P/CoreLogic/Case-Shiller,,,,2016.208333,238.132,BLS,,,
2016.291667,159.6786312,,,,,,2016.291667,178.55,S&P/CoreLogic/Case-Shiller,,,,2016.291667,239.261,BLS,,,
2016.375,160.6865733,,,,,,2016.375,180.40,S&P/CoreLogic/Case-Shiller,,,,2016.375,240.229,BLS,,,
2016.458333,161.5694674,,,,,,2016.458333,181.99,S&P/CoreLogic/Case-Shiller,,,,2016.458333,241.018,BLS,,,
2016.541667,162.8263777,,,,,,2016.541667,183.11,S&P/CoreLogic/Case-Shiller,,,,2016.541667,240.628,BLS,,,
2016.625,163.2553259,,,,,,2016.625,183.76,S&P/CoreLogic/Case-Shiller,,,,2016.625,240.849,BLS,,,
2016.708333,163.1279136,,,,,,2016.708333,184.06,S&P/CoreLogic/Case-Shiller,,,,2016.708333,241.428,BLS,,,
2016.791667,162.9973719,,,,,,2016.791667,184.14,S&P/CoreLogic/Case-Shiller,,,,2016.791667,241.729,BLS,,,
2016.875,163.4481183,,,,,,2016.875,184.36,S&P/CoreLogic/Case-Shiller,,,,2016.875,241.353,BLS,,,
2016.958333,163.5523911,,,,,,2016.958333,184.54,S&P/CoreLogic/Case-Shiller,,,,2016.958333,241.432,BLS,,,
2017.041667,162.828582,,,,,,2017.041667,184.80,S&P/CoreLogic/Case-Shiller,,,,2017.041667,242.839,BLS,,,
2017.125,162.6490553,,,,,,2017.125,185.17,S&P/CoreLogic/Case-Shiller,,,,2017.125,243.603,BLS,,,
2017.208333,163.8369536,,,,,,2017.208333,186.68,S&P/CoreLogic/Case-Shiller,,,,2017.208333,243.801,BLS,,,
2017.291667,165.1087698,,,,,,2017.291667,188.68,S&P/CoreLogic/Case-Shiller,,,,2017.291667,244.524,BLS,,,
2017.375,166.7181404,,,,,,2017.375,190.69,S&P/CoreLogic/Case-Shiller,,,,2017.375,244.733,BLS,,,
2017.458333,168.0895899,,,,,,2017.458333,192.43,S&P/CoreLogic/Case-Shiller,,,,2017.458333,244.955,BLS,,,
2017.541667,169.3087813,,,,,,2017.541667,193.69,S&P/CoreLogic/Case-Shiller,,,,2017.541667,244.786,BLS,,,
2017.625,169.5423507,,,,,,2017.625,194.54,S&P/CoreLogic/Case-Shiller,,,,2017.625,245.519,BLS,,,
2017.708333,169.0628902,,,,,,2017.708333,195.02,S&P/CoreLogic/Case-Shiller,,,,2017.708333,246.819,BLS,,,
2017.791667,169.4014273,,,,,,2017.791667,195.28,S&P/CoreLogic/Case-Shiller,,,,2017.791667,246.663,BLS,,,
2017.875,169.7139259,,,,,,2017.875,195.65,S&P/CoreLogic/Case-Shiller,,,,2017.875,246.669,BLS,,,
2017.958333,170.1704795,,,,,,2017.958333,196.06,S&P/CoreLogic/Case-Shiller,,,,2017.958333,246.524,BLS,,,
2018.041667,169.4962117,,,,,,2018.041667,196.35,S&P/CoreLogic/Case-Shiller,,,,2018.041667,247.867,BLS,,,
2018.125,169.4245723,,,,,,2018.125,197.15,S&P/CoreLogic/Case-Shiller,,,,2018.125,248.991,BLS,,,
2018.208333,170.4862439,,,,,,2018.208333,198.84,S&P/CoreLogic/Case-Shiller,,,,2018.208333,249.554,BLS,,,
2018.291667,171.5636913,,,,,,2018.291667,200.89,S&P/CoreLogic/Case-Shiller,,,,2018.291667,250.546,BLS,,,
2018.375,172.4324862,,,,,,2018.375,202.75,S&P/CoreLogic/Case-Shiller,,,,2018.375,251.588,BLS,,,
2018.458333,173.5184036,,,,,,2018.458333,204.35,S&P/CoreLogic/Case-Shiller,,,,2018.458333,251.989,BLS,,,
2018.541667,174.2920961,,,,,,2018.541667,205.27,S&P/CoreLogic/Case-Shiller,,,,2018.541667,252.006,BLS,,,
2018.625,174.513551,,,,,,2018.625,205.65,S&P/CoreLogic/Case-Shiller,,,,2018.625,252.146,BLS,,,
2018.708333,174.3618546,,,,,,2018.708333,205.71,S&P/CoreLogic/Case-Shiller,,,,2018.708333,252.439,BLS,,,
2018.791667,174.056034,,,,,,2018.791667,205.71,S&P/CoreLogic/Case-Shiller,,,,2018.791667,252.885,BLS,,,
2018.875,174.4389123,,,,,,2018.875,205.47,S&P/CoreLogic/Case-Shiller,,,,2018.875,252.038,BLS,,,
2018.958333,174.6588759,,,,,,2018.958333,205.07,S&P/CoreLogic/Case-Shiller,,,,2018.958333,251.233,BLS,,,
2019.041667,174.0162298,,,,,,2019.041667,204.71,S&P/CoreLogic/Case-Shiller,,,,2019.041667,251.712,BLS,,,
,,,,,,,,,,,,,2019.125,252.776,BLS,,,
,,,,,,,,,,,,,,,,,,
,,,,,,,,,,,,,,,,,,
,,,,,,,,,,,,,,,,,,
,,,,,,,,,,,,,,,,,,
,,,,,,,,,,,,,,,,,,
,,,,,,,,,,,,,,,,,,
,,,,,,,,,,,,,,,,,,
,,,,,,,,,,,,,,,,,,
,,,,,,,,,,,,,,,,,,
,,,,,,,,,,,,,,,,,,
,,,,,,,,,,,,,,,,,,
,,,,,,,,,,,,,,,,,,
,,,,,,,,,,,,,,,,,,
,,,,,,,,,,,,,,,,,,
,,,,,,,,,,,,,,,,,,
,,,,,,,,,,,,,,,,,,
,,,,,,,,,,,,,,,,,,
,,,,,,,,,,,,,,,,,,
,,,,,,,,,,,,,,,,,,
,,,,,,,,,,,,,,,,,,
,,,,,,,,,,,,,,,,,,
,,,,,,,,,,,,,,,,,,
,,,,,,,,,,,,,,,,,,
